sequence_id	sequence	rev_comp	productive	v_call	d_call	j_call	sequence_alignment	germline_alignment	junction	junction_aa	v_cigar	d_cigar	j_cigar	stop_codon	vj_in_frame	locus	junction_length	np1_length	np2_length	v_sequence_start	v_sequence_end	v_germline_start	v_germline_end	d_sequence_start	d_sequence_end	d_germline_start	d_germline_end	j_sequence_start	j_sequence_end	j_germline_start	j_germline_end	v_score	v_identity	v_support	d_score	d_identity	d_support	j_score	j_identity	j_support	fwr1	fwr2	fwr3	fwr4	cdr1	cdr2	cdr3
1	CAGGTTCAGCTGGTGCAGTCTGGAGCTGAGGTGAAGAAGCCTGGGGCCTCAGTGAAGGTCTCCTGCAAGGCTTCTGGTTACACCTTTACCAGCTATGGTATCAGCTGGGTGCGACAGGCCCCTGGACAAGGGCTTGAGTGGATGGGATGGATCAGCGCTTACAATGGTAACACAAACTATGCACAGAAGCTCCAGGGCAGAGTCACCATGACCACAGACACATCCACGAGCACAGCCTACATGGAGCTGAGGAGCCTGAGATCTGACGACACGGCCGTGTATTACTGTGCGAGAGAAGATATTGTAATAGTATACTTTACTATGCCCTACTGGTACTTCGATCTCTGGGGCCGTGGCACCCTGGTCACTGTCTCCTCAG	F	T	IGHV1-18*01	IGHD2/OR15-2a*01,IGHD2/OR15-2b*01	IGHJ2*01	CAGGTTCAGCTGGTGCAGTCTGGAGCT...GAGGTGAAGAAGCCTGGGGCCTCAGTGAAGGTCTCCTGCAAGGCTTCTGGTTACACCTTT............ACCAGCTATGGTATCAGCTGGGTGCGACAGGCCCCTGGACAAGGGCTTGAGTGGATGGGATGGATCAGCGCTTAC......AATGGTAACACAAACTATGCACAGAAGCTCCAG...GGCAGAGTCACCATGACCACAGACACATCCACGAGCACAGCCTACATGGAGCTGAGGAGCCTGAGATCTGACGACACGGCCGTGTATTACTGTGCGAGAGAAGATATTGTAATAGTATACTTTACTATGCCCTACTGGTACTTCGATCTCTGGGGCCGTGGCACCCTGGTCACTGTCTCCTCAG	CAGGTTCAGCTGGTGCAGTCTGGAGCT...GAGGTGAAGAAGCCTGGGGCCTCAGTGAAGGTCTCCTGCAAGGCTTCTGGTTACACCTTT............ACCAGCTATGGTATCAGCTGGGTGCGACAGGCCCCTGGACAAGGGCTTGAGTGGATGGGATGGATCAGCGCTTAC......AATGGTAACACAAACTATGCACAGAAGCTCCAG...GGCAGAGTCACCATGACCACAGACACATCCACGAGCACAGCCTACATGGAGCTGAGGAGCCTGAGATCTGACGACACGGCCGTGTATTACTGTGCGAGAGANNATATTGTAATAGTANNNNNNNNNNNNNNCTACTGGTACTTCGATCTCTGGGGCCGTGGCACCCTGGTCACTGTCTCCTCAG	TGTGCGAGAGAAGATATTGTAATAGTATACTTTACTATGCCCTACTGGTACTTCGATCTCTGG	CAREDIVIVYFTMPYWYFDLW	296=	298S3N14=	326S53=	F	T	IGH	63	2	14	1	296	1	320	299	312	4	17	327	379	1	53	463.0	1.0	1.6e-132	27.6	1.0	0.001	102.0	1.0	2.76e-26	CAGGTTCAGCTGGTGCAGTCTGGAGCT...GAGGTGAAGAAGCCTGGGGCCTCAGTGAAGGTCTCCTGCAAGGCTTCT	ATCAGCTGGGTGCGACAGGCCCCTGGACAAGGGCTTGAGTGGATGGGATGG	AACTATGCACAGAAGCTCCAG...GGCAGAGTCACCATGACCACAGACACATCCACGAGCACAGCCTACATGGAGCTGAGGAGCCTGAGATCTGACGACACGGCCGTGTATTACTGT	TGGGGCCGTGGCACCCTGGTCACTGTCTCCTCAG	GGTTACACCTTT............ACCAGCTATGGT	ATCAGCGCTTAC......AATGGTAACACA	GCGAGAGAAGATATTGTAATAGTATACTTTACTATGCCCTACTGGTACTTCGATCTC
20	CAGGTGCAGCTGGTGCAGTCTGGCCATGAGGTGAAGCAGCCTGGGGCCTCAGTGAAGGTCTCCTGCAAGGCTTCTGGTTACAGTTTCACCACCTATGGTATGAATTGGGTGCCACAGGCCCCTGGACAAGGGCTTGAGTGGATGGGATGGTTCAACACCTACACTGGGAACCCAACATATGCCCAGGGCTTCACAGGACGGTTTGTCTTCTCCATGGACACCTCTGCCAGCACAGCATACCTGCAGATCAGCAGCCTAAAGGCTGAGGACATGGCCATGTATTACTGTGCGAGATATGCTACGGTGGTAACCTCCCTACATGGTACTTTCGATCTCTGGGGCCGTGGCACCCTGGTCACTGTCTCCTCAG	F	T	IGHV7-81*01	IGHD4-23*01	IGHJ2*01	CAGGTGCAGCTGGTGCAGTCTGGCCAT...GAGGTGAAGCAGCCTGGGGCCTCAGTGAAGGTCTCCTGCAAGGCTTCTGGTTACAGTTTC............ACCACCTATGGTATGAATTGGGTGCCACAGGCCCCTGGACAAGGGCTTGAGTGGATGGGATGGTTCAACACCTAC......ACTGGGAACCCAACATATGCCCAGGGCTTCACA...GGACGGTTTGTCTTCTCCATGGACACCTCTGCCAGCACAGCATACCTGCAGATCAGCAGCCTAAAGGCTGAGGACATGGCCATGTATTACTGTGCGAGATATGCTACGGTGGTAACCTCCCTACATGGTACTTTCGATCTCTGGGGCCGTGGCACCCTGGTCACTGTCTCCTCAG	CAGGTGCAGCTGGTGCAGTCTGGCCAT...GAGGTGAAGCAGCCTGGGGCCTCAGTGAAGGTCTCCTGCAAGGCTTCTGGTTACAGTTTC............ACCACCTATGGTATGAATTGGGTGCCACAGGCCCCTGGACAAGGGCTTGAGTGGATGGGATGGTTCAACACCTAC......ACTGGGAACCCAACATATGCCCAGGGCTTCACA...GGACGGTTTGTCTTCTCCATGGACACCTCTGCCAGCACAGCATACCTGCAGATCAGCAGCCTAAAGGCTGAGGACATGGCCATGTATTACTGTGCGAGATANNCTACGGTGGTAACNNNNNNNNNNNNNNNNTTCGATCTCTGGGGCCGTGGCACCCTGGTCACTGTCTCCTCAG	TGTGCGAGATATGCTACGGTGGTAACCTCCCTACATGGTACTTTCGATCTCTGG	CARYATVVTSLHGTFDLW	296=	298S3N13=	327S10N43=	F	T	IGH	54	2	16	1	296	1	320	299	311	4	16	328	370	11	53	463.0	1.0	1.57e-132	25.7	1.0	0.004	83.4	1.0	1.65e-20	CAGGTGCAGCTGGTGCAGTCTGGCCAT...GAGGTGAAGCAGCCTGGGGCCTCAGTGAAGGTCTCCTGCAAGGCTTCT	ATGAATTGGGTGCCACAGGCCCCTGGACAAGGGCTTGAGTGGATGGGATGG	ACATATGCCCAGGGCTTCACA...GGACGGTTTGTCTTCTCCATGGACACCTCTGCCAGCACAGCATACCTGCAGATCAGCAGCCTAAAGGCTGAGGACATGGCCATGTATTACTGT	TGGGGCCGTGGCACCCTGGTCACTGTCTCCTCAG	GGTTACAGTTTC............ACCACCTATGGT	TTCAACACCTAC......ACTGGGAACCCA	GCGAGATATGCTACGGTGGTAACCTCCCTACATGGTACTTTCGATCTC
36	GAGGTGCAGCTGGTGGAGTCTGGGGGAGGCTTGGTCCAGCCTGGAGGGTCCCTGAGACTCTCCTGTGCAGCCTCTGGATTCACCTTCAGTGACCACTACATGGACTGGGTCCGCCAGGCTCCAGGGAAGGGGCTGGAGTGGGTTGGCCGTACTAGAAACAAAGCTAACAGTTACACCACAGAATACGCCGCGTCTGTGAAAGGCAGATTCACCATCTCAAGAGATGATTCAAAGAACTCACTGTATCTGCAAATGAACAGCCTGAAAACCGAGGACACGGCCGTGTATTACTGGCTAAGAGGTATAGCAGTGGTGGTACATTACTACTACTACTACGGTATGGACGTCTGGGGGCAAGGGACCACGGTCACCGTCTCCTCAG	F	T	IGHV3-72*01	IGHD6-19*01	IGHJ6*01	GAGGTGCAGCTGGTGGAGTCTGGGGGA...GGCTTGGTCCAGCCTGGAGGGTCCCTGAGACTCTCCTGTGCAGCCTCTGGATTCACCTTC............AGTGACCACTACATGGACTGGGTCCGCCAGGCTCCAGGGAAGGGGCTGGAGTGGGTTGGCCGTACTAGAAACAAAGCTAACAGTTACACCACAGAATACGCCGCGTCTGTGAAA...GGCAGATTCACCATCTCAAGAGATGATTCAAAGAACTCACTGTATCTGCAAATGAACAGCCTGAAAACCGAGGACACGGCCGTGTATTACTGGCTAAGAGGTATAGCAGTGGTGGTACATTACTACTACTACTACGGTATGGACGTCTGGGGGCAAGGGACCACGGTCACCGTCTCCTCAG	GAGGTGCAGCTGGTGGAGTCTGGGGGA...GGCTTGGTCCAGCCTGGAGGGTCCCTGAGACTCTCCTGTGCAGCCTCTGGATTCACCTTC............AGTGACCACTACATGGACTGGGTCCGCCAGGCTCCAGGGAAGGGGCTGGAGTGGGTTGGCCGTACTAGAAACAAAGCTAACAGTTACACCACAGAATACGCCGCGTCTGTGAAA...GGCAGATTCACCATCTCAAGAGATGATTCAAAGAACTCACTGTATCTGCAAATGAACAGCCTGAAAACCGAGGACACGGCCGTGTATTACTGNNNNNNNGGTATAGCAGTGGNNNNNNATTACTACTACTACTACGGTATGGACGTCTGGGGGCAAGGGACCACGGTCACCGTCTCCTCAG	TGGCTAAGAGGTATAGCAGTGGTGGTACATTACTACTACTACTACGGTATGGACGTCTGG	WLRGIAVVVHYYYYYGMDVW	293=	300S1N13=	319S63=	F	T	IGH	60	7	6	1	293	1	311	301	313	2	14	320	382	1	63	458.0	1.0	4.13e-131	25.7	1.0	0.004	121.0	1.0	4.54e-32	GAGGTGCAGCTGGTGGAGTCTGGGGGA...GGCTTGGTCCAGCCTGGAGGGTCCCTGAGACTCTCCTGTGCAGCCTCT	ATGGACTGGGTCCGCCAGGCTCCAGGGAAGGGGCTGGAGTGGGTTGGCCGT	GAATACGCCGCGTCTGTGAAA...GGCAGATTCACCATCTCAAGAGATGATTCAAAGAACTCACTGTATCTGCAAATGAACAGCCTGAAAACCGAGGACACGGCCGTGTATTACTGG	TGGGGGCAAGGGACCACGGTCACCGTCTCCTCAG	GGATTCACCTTC............AGTGACCACTAC	ACTAGAAACAAAGCTAACAGTTACACCACA	CTAAGAGGTATAGCAGTGGTGGTACATTACTACTACTACTACGGTATGGACGTC
79	GAGGTGCAGCTGGTGGAGTCTGGGGGAGGCTTGGTACAGCCAGGGCGGTCCCTGAGACTCTCCTGTACAGCTTCTGGATTCACCTTTGGTGATTATGCTATGAGCTGGTTCCGCCAGGCTCCAGGGAAGGGGCTGGAGTGGGTAGGTTTCATTAGAAGCAAAGCTTATGGTGGGACAACAGAATACACCGCGTCTGTGAAAGGCAGATTCACCATCTCAAGAGATGGTTCCAAAAGCATCGCCTATCTGCAAATGAACAGCCTGAAAACCGAGGACACAGCCGTGTATTACTGTACTAGAGAGTTTCGATATTTTGACTGGTTATTGATAACTGATGCTTTTGATGTCTGGGGCCAAGGGACAATGGTCACCGTCTCTTCAG	F	T	IGHV3-49*01	IGHD3-9*01	IGHJ3*01	GAGGTGCAGCTGGTGGAGTCTGGGGGA...GGCTTGGTACAGCCAGGGCGGTCCCTGAGACTCTCCTGTACAGCTTCTGGATTCACCTTT............GGTGATTATGCTATGAGCTGGTTCCGCCAGGCTCCAGGGAAGGGGCTGGAGTGGGTAGGTTTCATTAGAAGCAAAGCTTATGGTGGGACAACAGAATACACCGCGTCTGTGAAA...GGCAGATTCACCATCTCAAGAGATGGTTCCAAAAGCATCGCCTATCTGCAAATGAACAGCCTGAAAACCGAGGACACAGCCGTGTATTACTGTACTAGAGAGTTTCGATATTTTGACTGGTTATTGATAACTGATGCTTTTGATGTCTGGGGCCAAGGGACAATGGTCACCGTCTCTTCAG	GAGGTGCAGCTGGTGGAGTCTGGGGGA...GGCTTGGTACAGCCAGGGCGGTCCCTGAGACTCTCCTGTACAGCTTCTGGATTCACCTTT............GGTGATTATGCTATGAGCTGGTTCCGCCAGGCTCCAGGGAAGGGGCTGGAGTGGGTAGGTTTCATTAGAAGCAAAGCTTATGGTGGGACAACAGAATACACCGCGTCTGTGAAA...GGCAGATTCACCATCTCAAGAGATGGTTCCAAAAGCATCGCCTATCTGCAAATGAACAGCCTGAAAACCGAGGACACAGCCGTGTATTACTGTACTAGAGANNNNCGATATTTTGACTGGTTATTNNNNNNTGATGCTTTTGATGTCTGGGGCCAAGGGACAATGGTCACCGTCTCTTCAG	TGTACTAGAGAGTTTCGATATTTTGACTGGTTATTGATAACTGATGCTTTTGATGTCTGG	CTREFRYFDWLLITDAFDVW	302=	306S6N20=	332S50=	F	T	IGH	60	4	6	1	302	1	320	307	326	7	26	333	382	1	50	472.0	1.0	2.48e-135	39.1	1.0	3.87e-07	96.8	1.0	1.52e-24	GAGGTGCAGCTGGTGGAGTCTGGGGGA...GGCTTGGTACAGCCAGGGCGGTCCCTGAGACTCTCCTGTACAGCTTCT	ATGAGCTGGTTCCGCCAGGCTCCAGGGAAGGGGCTGGAGTGGGTAGGTTTC	GAATACACCGCGTCTGTGAAA...GGCAGATTCACCATCTCAAGAGATGGTTCCAAAAGCATCGCCTATCTGCAAATGAACAGCCTGAAAACCGAGGACACAGCCGTGTATTACTGT	TGGGGCCAAGGGACAATGGTCACCGTCTCTTCAG	GGATTCACCTTT............GGTGATTATGCT	ATTAGAAGCAAAGCTTATGGTGGGACAACA	ACTAGAGAGTTTCGATATTTTGACTGGTTATTGATAACTGATGCTTTTGATGTC
123	CAGGTGCAGCTGCAGGAGTCGGGCCCAGGACTGGTGAAGCCTTCGGACACCCTGTCCCTCACCTGCGCTGTCTCTGGTTACTCCATCAGCAGTAGTAACTGGTGGGGCTGGATCCGGCAGCCCCCAGGGAAGGGACTGGAGTGGATTGGGTACATCTATTATAGTGGGAGCACCTACTACAACCCGTCCCTCAAGAGTCGAGTCACCATGTCAGTAGACACGTCCAAGAACCAGTTCTCCCTGAAGCTGAGCTCTGTGACCGCCGTGGACACGGCCGTGTATTACTGTGCGAGAATGTGGATAGTAGTGGCTACCGATTACGCTGAATACTTCCAGCACTGGGGCCAGGGCACCCTGGTCACCGTCTCCTCAG	F	T	IGHV4-28*01	IGHD3-22*01	IGHJ1*01	CAGGTGCAGCTGCAGGAGTCGGGCCCA...GGACTGGTGAAGCCTTCGGACACCCTGTCCCTCACCTGCGCTGTCTCTGGTTACTCCATCAGC.........AGTAGTAACTGGTGGGGCTGGATCCGGCAGCCCCCAGGGAAGGGACTGGAGTGGATTGGGTACATCTATTATAGT.........GGGAGCACCTACTACAACCCGTCCCTCAAG...AGTCGAGTCACCATGTCAGTAGACACGTCCAAGAACCAGTTCTCCCTGAAGCTGAGCTCTGTGACCGCCGTGGACACGGCCGTGTATTACTGTGCGAGAATGTGGATAGTAGTGGCTACCGATTACGCTGAATACTTCCAGCACTGGGGCCAGGGCACCCTGGTCACCGTCTCCTCAG	CAGGTGCAGCTGCAGGAGTCGGGCCCA...GGACTGGTGAAGCCTTCGGACACCCTGTCCCTCACCTGCGCTGTCTCTGGTTACTCCATCAGC.........AGTAGTAACTGGTGGGGCTGGATCCGGCAGCCCCCAGGGAAGGGACTGGAGTGGATTGGGTACATCTATTATAGT.........GGGAGCACCTACTACAACCCGTCCCTCAAG...AGTCGAGTCACCATGTCAGTAGACACGTCCAAGAACCAGTTCTCCCTGAAGCTGAGCTCTGTGACCGCCGTGGACACGGCCGTGTATTACTGTGCGAGAANNNNGATAGTAGTGGNNNNNNNNNNNGCTGAATACTTCCAGCACTGGGGCCAGGGCACCCTGGTCACCGTCTCCTCAG	TGTGCGAGAATGTGGATAGTAGTGGCTACCGATTACGCTGAATACTTCCAGCACTGG	CARMWIVVATDYAEYFQHW	295=	299S10N11=	321S52=	F	T	IGH	57	4	11	1	295	1	319	300	310	11	21	322	373	1	52	461.0	1.0	4.67e-132	21.8	1.0	0.061	100.0	1.0	1.03e-25	CAGGTGCAGCTGCAGGAGTCGGGCCCA...GGACTGGTGAAGCCTTCGGACACCCTGTCCCTCACCTGCGCTGTCTCT	TGGGGCTGGATCCGGCAGCCCCCAGGGAAGGGACTGGAGTGGATTGGGTAC	TACTACAACCCGTCCCTCAAG...AGTCGAGTCACCATGTCAGTAGACACGTCCAAGAACCAGTTCTCCCTGAAGCTGAGCTCTGTGACCGCCGTGGACACGGCCGTGTATTACTGT	TGGGGCCAGGGCACCCTGGTCACCGTCTCCTCAG	GGTTACTCCATCAGC.........AGTAGTAACTGG	ATCTATTATAGT.........GGGAGCACC	GCGAGAATGTGGATAGTAGTGGCTACCGATTACGCTGAATACTTCCAGCAC
124	GAGGTGCAGCTGGTGGAGTCTGGAGGAGGCTTGGTACAGCCTGGGGGGTCCCTGAGACTCTCCTGTGCAGCCTCTGGATTCACCTTCAGTAACCACTACACGAGCTGGGTCCGCCAGGCTCCAGGGAAGGGACTGGAGTGGGTTTCATACAGTAGTGGTAATAGTGGTTACACAAACTACGCAGACTCTGTGAAAGGCCGATTCACCATCTCCAGGGACAACGCCAAGAACTCACTGTATCTGCAAATGAACAGCCTGAGAGCCGAGGACACGGCTGTGTATTACTGTGTGAAAGGTATAACTGGAACCAACGCTGAATACGTTCCACACTGGGGCCAGGGCACCCTGGTCACCGTCTCCTCAG	F	T	IGHV3/OR16-9*01	IGHD1-20*01,IGHD1-7*01,IGHD1/OR15-1a*01	IGHJ1*01	GAGGTGCAGCTGGTGGAGTCTGGAGGA...GGCTTGGTACAGCCTGGGGGGTCCCTGAGACTCTCCTGTGCAGCCTCTGGATTCACCTTC............AGTAACCACTACACGAGCTGGGTCCGCCAGGCTCCAGGGAAGGGACTGGAGTGGGTTTCATACAGTAGTGGTAAT......AGTGGTTACACAAACTACGCAGACTCTGTGAAA...GGCCGATTCACCATCTCCAGGGACAACGCCAAGAACTCACTGTATCTGCAAATGAACAGCCTGAGAGCCGAGGACACGGCTGTGTATTACTGTGTGAAAGGTATAACTGGAACCAACGCTGAATACGTTCCACACTGGGGCCAGGGCACCCTGGTCACCGTCTCCTCAG	GAGGTGCAGCTGGTGGAGTCTGGAGGA...GGCTTGGTACAGCCTGGGGGGTCCCTGAGACTCTCCTGTGCAGCCTCTGGATTCACCTTC............AGTAACCACTACACGAGCTGGGTCCGCCAGGCTCCAGGGAAGGGACTGGAGTGGGTTTCATACAGTAGTGGTAAT......AGTGGTTACACAAACTACGCAGACTCTGTGAAA...GGCCGATTCACCATCTCCAGGGACAACGCCAAGAACTCACTGTATCTGCAAATGAACAGCCTGAGAGCCGAGGACACGGCTGTGTATTACTGTGTGAAAGGTATAACTGGAACNNNNGCTGAATACTTCCAGCACTGGGGCCAGGGCACCCTGGTCACCGTCTCCTCAG	TGTGTGAAAGGTATAACTGGAACCAACGCTGAATACGTTCCACACTGG	CVKGITGTNAEYVPHW	294=	294S14=	312S9=1X1=1X1=2X37=	F	T	IGH	48	0	4	1	294	1	318	295	308	1	14	313	364	1	52	459.0	1.0	1.34e-131	27.6	1.0	0.001	77.6	0.9230800000000001	8.86e-19	GAGGTGCAGCTGGTGGAGTCTGGAGGA...GGCTTGGTACAGCCTGGGGGGTCCCTGAGACTCTCCTGTGCAGCCTCT	ACGAGCTGGGTCCGCCAGGCTCCAGGGAAGGGACTGGAGTGGGTTTCATAC	AACTACGCAGACTCTGTGAAA...GGCCGATTCACCATCTCCAGGGACAACGCCAAGAACTCACTGTATCTGCAAATGAACAGCCTGAGAGCCGAGGACACGGCTGTGTATTACTGT	TGGGGCCAGGGCACCCTGGTCACCGTCTCCTCAG	GGATTCACCTTC............AGTAACCACTAC	AGTAGTGGTAAT......AGTGGTTACACA	GTGAAAGGTATAACTGGAACCAACGCTGAATACGTTCCACAC
135	GAGGTGCAGCTGGTGGAGTCTGGGGGAGGCTTGGTCCAGCCTGGGGGGTCCCTGAGACTCTCCTGTGCAGCCTCTGGATTCACCTTCAGTAGCTATGCTATGCACTGGGTCCGCCAGGCTCCAGGGAAGGGACTGGAATATGTTTCAGCTATTAGTAGTAATGGGGGTAGCACATATTATGCAAACTCTGTGAAGGGCAGATTCACCATCTCCAGAGACAATTCCAAGAACACGCTGTATCTTCAAATGGGCAGCCTGAGAGCTGAGGACATGGCTGTGTATTACTGTGCGAGAGAGTATAACTGGAACTACAACCTATTTGACTACTGGGGCCAAGGAACCCTGGTCACCGTCTCCTCAG	F	T	IGHV3-64*01	IGHD1-7*01	IGHJ4*01	GAGGTGCAGCTGGTGGAGTCTGGGGGA...GGCTTGGTCCAGCCTGGGGGGTCCCTGAGACTCTCCTGTGCAGCCTCTGGATTCACCTTC............AGTAGCTATGCTATGCACTGGGTCCGCCAGGCTCCAGGGAAGGGACTGGAATATGTTTCAGCTATTAGTAGTAAT......GGGGGTAGCACATATTATGCAAACTCTGTGAAG...GGCAGATTCACCATCTCCAGAGACAATTCCAAGAACACGCTGTATCTTCAAATGGGCAGCCTGAGAGCTGAGGACATGGCTGTGTATTACTGTGCGAGAGAGTATAACTGGAACTACAACCTATTTGACTACTGGGGCCAAGGAACCCTGGTCACCGTCTCCTCAG	GAGGTGCAGCTGGTGGAGTCTGGGGGA...GGCTTGGTCCAGCCTGGGGGGTCCCTGAGACTCTCCTGTGCAGCCTCTGGATTCACCTTC............AGTAGCTATGCTATGCACTGGGTCCGCCAGGCTCCAGGGAAGGGACTGGAATATGTTTCAGCTATTAGTAGTAAT......GGGGGTAGCACATATTATGCAAACTCTGTGAAG...GGCAGATTCACCATCTCCAGAGACAATTCCAAGAACACGCTGTATCTTCAAATGGGCAGCCTGAGAGCTGAGGACATGGCTGTGTATTACTGTGCGAGAGAGTATAACTGGAACTACNNNNNNTTTGACTACTGGGGCCAAGGAACCCTGGTCACCGTCTCCTCAG	TGTGCGAGAGAGTATAACTGGAACTACAACCTATTTGACTACTGG	CAREYNWNYNLFDYW	296=	296S1N16=	318S5N43=	F	T	IGH	45	0	6	1	296	1	320	297	312	2	17	319	361	6	48	463.0	1.0	1.53e-132	31.5	1.0	7.54e-05	83.4	1.0	1.61e-20	GAGGTGCAGCTGGTGGAGTCTGGGGGA...GGCTTGGTCCAGCCTGGGGGGTCCCTGAGACTCTCCTGTGCAGCCTCT	ATGCACTGGGTCCGCCAGGCTCCAGGGAAGGGACTGGAATATGTTTCAGCT	TATTATGCAAACTCTGTGAAG...GGCAGATTCACCATCTCCAGAGACAATTCCAAGAACACGCTGTATCTTCAAATGGGCAGCCTGAGAGCTGAGGACATGGCTGTGTATTACTGT	TGGGGCCAAGGAACCCTGGTCACCGTCTCCTCAG	GGATTCACCTTC............AGTAGCTATGCT	ATTAGTAGTAAT......GGGGGTAGCACA	GCGAGAGAGTATAACTGGAACTACAACCTATTTGACTAC
149	CAGGTGCAGCTGGTGCAGTCTGGGGCTGAGGTGAAGAAGCCTGGGTCCTCGGTGAAGGTCTCCTGCAAGGCTTCTGGAGGCACCTTCAGCAGCTATGCTATCAGCTGGGTGCGACAGGCCCCTGGACAAGGGCTTGAGTGGATGGGAGGGATCATCCCTATCTTTGGTACAGCAAACTACGCACAGAAGTTCCAGGGCAGAGTCACGATTACCGCGGACGAATCCACGAGCACAGCCTACATGGAGCTGAGCAGCCTGAGATCTGAGGACACGGCCGTGTATTACTGTGCGAGAGAGTATAACTGGACGTACATTACTCACTACTACTACGGTATGGACGTCTGGGGGCAAGGGACCACGGTCACCGTCTCCTCAG	F	T	IGHV1-69*01,IGHV1-69D*01	IGHD1-20*01,IGHD1-7*01,IGHD1/OR15-1a*01	IGHJ6*01	CAGGTGCAGCTGGTGCAGTCTGGGGCT...GAGGTGAAGAAGCCTGGGTCCTCGGTGAAGGTCTCCTGCAAGGCTTCTGGAGGCACCTTC............AGCAGCTATGCTATCAGCTGGGTGCGACAGGCCCCTGGACAAGGGCTTGAGTGGATGGGAGGGATCATCCCTATC......TTTGGTACAGCAAACTACGCACAGAAGTTCCAG...GGCAGAGTCACGATTACCGCGGACGAATCCACGAGCACAGCCTACATGGAGCTGAGCAGCCTGAGATCTGAGGACACGGCCGTGTATTACTGTGCGAGAGAGTATAACTGGACGTACATTACTCACTACTACTACGGTATGGACGTCTGGGGGCAAGGGACCACGGTCACCGTCTCCTCAG	CAGGTGCAGCTGGTGCAGTCTGGGGCT...GAGGTGAAGAAGCCTGGGTCCTCGGTGAAGGTCTCCTGCAAGGCTTCTGGAGGCACCTTC............AGCAGCTATGCTATCAGCTGGGTGCGACAGGCCCCTGGACAAGGGCTTGAGTGGATGGGAGGGATCATCCCTATC......TTTGGTACAGCAAACTACGCACAGAAGTTCCAG...GGCAGAGTCACGATTACCGCGGACGAATCCACGAGCACAGCCTACATGGAGCTGAGCAGCCTGAGATCTGAGGACACGGCCGTGTATTACTGTGCGAGAGAGTATAACTGGANNNNNNNNNNNNACTACTACTACGGTATGGACGTCTGGGGGCAAGGGACCACGGTCACCGTCTCCTCAG	TGTGCGAGAGAGTATAACTGGACGTACATTACTCACTACTACTACGGTATGGACGTCTGG	CAREYNWTYITHYYYGMDVW	296=	296S1N11=	319S6N57=	F	T	IGH	60	0	12	1	296	1	320	297	307	2	12	320	376	7	63	463.0	1.0	1.59e-132	21.8	1.0	0.062	110.0	1.0	1.33e-28	CAGGTGCAGCTGGTGCAGTCTGGGGCT...GAGGTGAAGAAGCCTGGGTCCTCGGTGAAGGTCTCCTGCAAGGCTTCT	ATCAGCTGGGTGCGACAGGCCCCTGGACAAGGGCTTGAGTGGATGGGAGGG	AACTACGCACAGAAGTTCCAG...GGCAGAGTCACGATTACCGCGGACGAATCCACGAGCACAGCCTACATGGAGCTGAGCAGCCTGAGATCTGAGGACACGGCCGTGTATTACTGT	TGGGGGCAAGGGACCACGGTCACCGTCTCCTCAG	GGAGGCACCTTC............AGCAGCTATGCT	ATCATCCCTATC......TTTGGTACAGCA	GCGAGAGAGTATAACTGGACGTACATTACTCACTACTACTACGGTATGGACGTC
159	CAGGTGCAGCTGGTGGAGTCTGGGGGAGGCGTGGTCCAGCCTGGGAGGTCCCTGAGACTCTCCTGTGCAGCCTCTGGATTCACCTTCAGTAGCTATGCTATGCACTGGGTCCGCCAGGCTCCAGGCAAGGGGCTGGAGTGGGTGGCAGTTATATCATATGATGGAAGCAATAAATACTACGCAGACTCCGTGAAGGGCCGATTCACCATCTCCAGAGACAATTCCAAGAACACGCTGTATCTGCAAATGAACAGCCTGAGAGCTGAGGACACGGCTGTGTATTACTGTGCGAGAGAAGTAGAGATGGCTACAATACACAACTGGTTCACTACCTGGGGCCAAGGAACCCTGGTCACCGTCTCCTCAG	F	T	IGHV3-30-3*01	IGHD5-24*01	IGHJ5*01	CAGGTGCAGCTGGTGGAGTCTGGGGGA...GGCGTGGTCCAGCCTGGGAGGTCCCTGAGACTCTCCTGTGCAGCCTCTGGATTCACCTTC............AGTAGCTATGCTATGCACTGGGTCCGCCAGGCTCCAGGCAAGGGGCTGGAGTGGGTGGCAGTTATATCATATGAT......GGAAGCAATAAATACTACGCAGACTCCGTGAAG...GGCCGATTCACCATCTCCAGAGACAATTCCAAGAACACGCTGTATCTGCAAATGAACAGCCTGAGAGCTGAGGACACGGCTGTGTATTACTGTGCGAGAGAAGTAGAGATGGCTACAATACACAACTGGTTCACTACCTGGGGCCAAGGAACCCTGGTCACCGTCTCCTCAG	CAGGTGCAGCTGGTGGAGTCTGGGGGA...GGCGTGGTCCAGCCTGGGAGGTCCCTGAGACTCTCCTGTGCAGCCTCTGGATTCACCTTC............AGTAGCTATGCTATGCACTGGGTCCGCCAGGCTCCAGGCAAGGGGCTGGAGTGGGTGGCAGTTATATCATATGAT......GGAAGCAATAAATACTACGCAGACTCCGTGAAG...GGCCGATTCACCATCTCCAGAGACAATTCCAAGAACACGCTGTATCTGCAAATGAACAGCCTGAGAGCTGAGGACACGGCTGTGTATTACTGTGCGAGAGANGTAGAGATGGCTACAATNNACAACTGGTTCGACTCCTGGGGCCAAGGAACCCTGGTCACCGTCTCCTCAG	TGTGCGAGAGAAGTAGAGATGGCTACAATACACAACTGGTTCACTACCTGG	CAREVEMATIHNWFTTW	296=	297S17=	316S11=4X36=	F	T	IGH	51	1	2	1	296	1	320	298	314	1	17	317	367	1	51	463.0	1.0	1.56e-132	33.4	1.0	2.02e-05	75.7	0.92157	3.39e-18	CAGGTGCAGCTGGTGGAGTCTGGGGGA...GGCGTGGTCCAGCCTGGGAGGTCCCTGAGACTCTCCTGTGCAGCCTCT	ATGCACTGGGTCCGCCAGGCTCCAGGCAAGGGGCTGGAGTGGGTGGCAGTT	TACTACGCAGACTCCGTGAAG...GGCCGATTCACCATCTCCAGAGACAATTCCAAGAACACGCTGTATCTGCAAATGAACAGCCTGAGAGCTGAGGACACGGCTGTGTATTACTGT	TGGGGCCAAGGAACCCTGGTCACCGTCTCCTCAG	GGATTCACCTTC............AGTAGCTATGCT	ATATCATATGAT......GGAAGCAATAAA	GCGAGAGAAGTAGAGATGGCTACAATACACAACTGGTTCACTACC
206	CAAATGCAGCTGGTGCAGTCTGGGCCTGAGGTGAAGAAGCCTGGGACCTCAGTGAAGGTCTCCTGCAAGGCTTCTGGATTCACCTTTACTAGCTCTGCTATGCAGTGGGTGCGACAGGCTCGTGGACAACGCCTTGAGTGGATAGGATGGATCGTCGTTGGCAGTGGTAACACAAACTACGCACAGAAGTTCCAGGAAAGAGTCACCATTACCAGGGACATGTCCACAAGCACAGCCTACATGGAGCTGAGCAGCCTGAGATCCGAGGACACGGCCGTGTATTACTGTGCGGCAGAGTATAACCTGGAACGGCACTACTTTGACTACTGGGGCCAAGGAACCCTGGTCACCGTCTCCTCAG	F	T	IGHV1-58*02	IGHD1-1*01,IGHD1-14*01,IGHD1-20*01	IGHJ4*01	CAAATGCAGCTGGTGCAGTCTGGGCCT...GAGGTGAAGAAGCCTGGGACCTCAGTGAAGGTCTCCTGCAAGGCTTCTGGATTCACCTTT............ACTAGCTCTGCTATGCAGTGGGTGCGACAGGCTCGTGGACAACGCCTTGAGTGGATAGGATGGATCGTCGTTGGC......AGTGGTAACACAAACTACGCACAGAAGTTCCAG...GAAAGAGTCACCATTACCAGGGACATGTCCACAAGCACAGCCTACATGGAGCTGAGCAGCCTGAGATCCGAGGACACGGCCGTGTATTACTGTGCGGCAGAGTATAACCTGGAACGGCACTACTTTGACTACTGGGGCCAAGGAACCCTGGTCACCGTCTCCTCAG	CAAATGCAGCTGGTGCAGTCTGGGCCT...GAGGTGAAGAAGCCTGGGACCTCAGTGAAGGTCTCCTGCAAGGCTTCTGGATTCACCTTT............ACTAGCTCTGCTATGCAGTGGGTGCGACAGGCTCGTGGACAACGCCTTGAGTGGATAGGATGGATCGTCGTTGGC......AGTGGTAACACAAACTACGCACAGAAGTTCCAG...GAAAGAGTCACCATTACCAGGGACATGTCCACAAGCACAGCCTACATGGAGCTGAGCAGCCTGAGATCCGAGGACACGGCCGTGTATTACTGTGCGGCAGANNNNNNNCTGGAACGNNACTACTTTGACTACTGGGGCCAAGGAACCCTGGTCACCGTCTCCTCAG	TGTGCGGCAGAGTATAACCTGGAACGGCACTACTTTGACTACTGG	CAAEYNLERHYFDYW	296=	303S7N8=	313S48=	F	T	IGH	45	7	2	1	296	1	320	304	311	8	15	314	361	1	48	463.0	1.0	1.53e-132	16.1	1.0	3.2	93.0	1.0	2.06e-23	CAAATGCAGCTGGTGCAGTCTGGGCCT...GAGGTGAAGAAGCCTGGGACCTCAGTGAAGGTCTCCTGCAAGGCTTCT	ATGCAGTGGGTGCGACAGGCTCGTGGACAACGCCTTGAGTGGATAGGATGG	AACTACGCACAGAAGTTCCAG...GAAAGAGTCACCATTACCAGGGACATGTCCACAAGCACAGCCTACATGGAGCTGAGCAGCCTGAGATCCGAGGACACGGCCGTGTATTACTGT	TGGGGCCAAGGAACCCTGGTCACCGTCTCCTCAG	GGATTCACCTTT............ACTAGCTCTGCT	ATCGTCGTTGGC......AGTGGTAACACA	GCGGCAGAGTATAACCTGGAACGGCACTACTTTGACTAC
236	CAGATGCAGCTGGTGCAGTCTGGGGCTGAGGTGAAGAAGACTGGGTCCTCAGTGAAGGTTTCCTGCAAGGCTTCCGGATACACCTTCACCTACCGCTACCTGCACTGGGTGCGACAGGCCCCCGGACAAGCGCTTGAGTGGATGGGATGGATCACACCTTTCAATGGTAACACCAACTACGCACAGAAATTCCAGGACAGAGTCACCATTACCAGGGACAGGTCTATGAGCACAGCCTACATGGAGCTGAGCAGCCTGAGATCTGAGGACACAGCCATGTATTACTGTGCAAGATATGACTACAGTCAACACGCTGAAACTTCCCAGCACTGGGGCCAGGGCACCCTGGTCACCGTCTCCTCAG	F	T	IGHV1-45*02	IGHD4-11*01,IGHD4-4*01	IGHJ1*01	CAGATGCAGCTGGTGCAGTCTGGGGCT...GAGGTGAAGAAGACTGGGTCCTCAGTGAAGGTTTCCTGCAAGGCTTCCGGATACACCTTC............ACCTACCGCTACCTGCACTGGGTGCGACAGGCCCCCGGACAAGCGCTTGAGTGGATGGGATGGATCACACCTTTC......AATGGTAACACCAACTACGCACAGAAATTCCAG...GACAGAGTCACCATTACCAGGGACAGGTCTATGAGCACAGCCTACATGGAGCTGAGCAGCCTGAGATCTGAGGACACAGCCATGTATTACTGTGCAAGATATGACTACAGTCAACACGCTGAAACTTCCCAGCACTGGGGCCAGGGCACCCTGGTCACCGTCTCCTCAG	CAGATGCAGCTGGTGCAGTCTGGGGCT...GAGGTGAAGAAGACTGGGTCCTCAGTGAAGGTTTCCTGCAAGGCTTCCGGATACACCTTC............ACCTACCGCTACCTGCACTGGGTGCGACAGGCCCCCGGACAAGCGCTTGAGTGGATGGGATGGATCACACCTTTC......AATGGTAACACCAACTACGCACAGAAATTCCAG...GACAGAGTCACCATTACCAGGGACAGGTCTATGAGCACAGCCTACATGGAGCTGAGCAGCCTGAGATCTGAGGACACAGCCATGTATTACTGTGCAAGATATGACTACAGTNNNNNNNNNNNNNNNNNCCAGCACTGGGGCCAGGGCACCCTGGTCACCGTCTCCTCAG	TGTGCAAGATATGACTACAGTCAACACGCTGAAACTTCCCAGCACTGG	CARYDYSQHAETSQHW	296=	296S10=	323S11N41=	F	T	IGH	48	0	17	1	296	1	320	297	306	1	10	324	364	12	52	463.0	1.0	1.55e-132	19.9	1.0	0.23	79.5	1.0	2.34e-19	CAGATGCAGCTGGTGCAGTCTGGGGCT...GAGGTGAAGAAGACTGGGTCCTCAGTGAAGGTTTCCTGCAAGGCTTCC	CTGCACTGGGTGCGACAGGCCCCCGGACAAGCGCTTGAGTGGATGGGATGG	AACTACGCACAGAAATTCCAG...GACAGAGTCACCATTACCAGGGACAGGTCTATGAGCACAGCCTACATGGAGCTGAGCAGCCTGAGATCTGAGGACACAGCCATGTATTACTGT	TGGGGCCAGGGCACCCTGGTCACCGTCTCCTCAG	GGATACACCTTC............ACCTACCGCTAC	ATCACACCTTTC......AATGGTAACACC	GCAAGATATGACTACAGTCAACACGCTGAAACTTCCCAGCAC
243	CAGGTACAGCTGGTGCAGTCTGGGGCTGAGGTGAAGAAGCCTGGGGCCTCAGTGAAGGTCTCCTGCAAGGCTTCTGGATACACCATCACCAGCTACTGTATGCACTGGGTGCACCAGGTCCATGCACAAGGGCTTGAGTGGATGGGATTGGTGTGCCCTAGTGATGGCAGCACAAGCTATGCACAGAAGTTCCAGGCCAGAGTCACCATAACCAGGGACACATCCATGAGCACAGCCTACATGGAGCTAAGCAGTCTGAGATCTGAGGACACGGCCATGTATTACTGTGTGAGAGATTGTACTATGGTGCTACTACACTATCTTGACTACTGGGGCCAAGGAACCCTGGTCACCGTCTCCTCAG	F	T	IGHV1/OR21-1*01	IGHD4/OR15-4a*01,IGHD4/OR15-4b*01	IGHJ4*01	CAGGTACAGCTGGTGCAGTCTGGGGCT...GAGGTGAAGAAGCCTGGGGCCTCAGTGAAGGTCTCCTGCAAGGCTTCTGGATACACCATC............ACCAGCTACTGTATGCACTGGGTGCACCAGGTCCATGCACAAGGGCTTGAGTGGATGGGATTGGTGTGCCCTAGT......GATGGCAGCACAAGCTATGCACAGAAGTTCCAG...GCCAGAGTCACCATAACCAGGGACACATCCATGAGCACAGCCTACATGGAGCTAAGCAGTCTGAGATCTGAGGACACGGCCATGTATTACTGTGTGAGAGATTGTACTATGGTGCTACTACACTATCTTGACTACTGGGGCCAAGGAACCCTGGTCACCGTCTCCTCAG	CAGGTACAGCTGGTGCAGTCTGGGGCT...GAGGTGAAGAAGCCTGGGGCCTCAGTGAAGGTCTCCTGCAAGGCTTCTGGATACACCATC............ACCAGCTACTGTATGCACTGGGTGCACCAGGTCCATGCACAAGGGCTTGAGTGGATGGGATTGGTGTGCCCTAGT......GATGGCAGCACAAGCTATGCACAGAAGTTCCAG...GCCAGAGTCACCATAACCAGGGACACATCCATGAGCACAGCCTACATGGAGCTAAGCAGTCTGAGATCTGAGGACACGGCCATGTATTACTGTGTGAGAGANNNNACTATGGTGCTANNNNNNNNNNTTGACTACTGGGGCCAAGGAACCCTGGTCACCGTCTCCTCAG	TGTGTGAGAGATTGTACTATGGTGCTACTACACTATCTTGACTACTGG	CVRDCTMVLLHYLDYW	296=	300S2N12=	322S6N42=	F	T	IGH	48	4	10	1	296	1	320	301	312	3	14	323	364	7	48	463.0	1.0	1.55e-132	23.8	1.0	0.016	81.4	1.0	6.16e-20	CAGGTACAGCTGGTGCAGTCTGGGGCT...GAGGTGAAGAAGCCTGGGGCCTCAGTGAAGGTCTCCTGCAAGGCTTCT	ATGCACTGGGTGCACCAGGTCCATGCACAAGGGCTTGAGTGGATGGGATTG	AGCTATGCACAGAAGTTCCAG...GCCAGAGTCACCATAACCAGGGACACATCCATGAGCACAGCCTACATGGAGCTAAGCAGTCTGAGATCTGAGGACACGGCCATGTATTACTGT	TGGGGCCAAGGAACCCTGGTCACCGTCTCCTCAG	GGATACACCATC............ACCAGCTACTGT	GTGTGCCCTAGT......GATGGCAGCACA	GTGAGAGATTGTACTATGGTGCTACTACACTATCTTGACTAC
262	CAGGTGCAGCTGGTGCAGTCTGGGGCTGAGGTGAAGAAGCCTGGGGCCTCAGTGAAGGTCTCCTGCAAGGCTTCTGGATACACCTTCACCGGCTACTATATGCACTGGGTGCGACAGGCCCCTGGACAAGGGCTTGAGTGGATGGGACGGATCAACCCTAACAGTGGTGGCACAAACTATGCACAGAAGTTTCAGGGCAGGGTCACCAGTACCAGGGACACGTCCATCAGCACAGCCTACATGGAGCTGAGCAGGCTGAGATCTGACGACACGGTCGTGTATTACTGTGCGGAGAGTATAACCGGAATCCACACTACTTTACTACGGGGCCAAGGAACCCTGGTCACCGTCTCCTCAG	F	T	IGHV1-2*01	IGHD1-14*01	IGHJ4*01,IGHJ5*01	CAGGTGCAGCTGGTGCAGTCTGGGGCT...GAGGTGAAGAAGCCTGGGGCCTCAGTGAAGGTCTCCTGCAAGGCTTCTGGATACACCTTC............ACCGGCTACTATATGCACTGGGTGCGACAGGCCCCTGGACAAGGGCTTGAGTGGATGGGACGGATCAACCCTAAC......AGTGGTGGCACAAACTATGCACAGAAGTTTCAG...GGCAGGGTCACCAGTACCAGGGACACGTCCATCAGCACAGCCTACATGGAGCTGAGCAGGCTGAGATCTGACGACACGGTCGTGTATTACTGTGCGGAGAGTATAACCGGAATCCACACTACTTTACTACGGGGCCAAGGAACCCTGGTCACCGTCTCCTCAG	CAGGTGCAGCTGGTGCAGTCTGGGGCT...GAGGTGAAGAAGCCTGGGGCCTCAGTGAAGGTCTCCTGCAAGGCTTCTGGATACACCTTC............ACCGGCTACTATATGCACTGGGTGCGACAGGCCCCTGGACAAGGGCTTGAGTGGATGGGACGGATCAACCCTAAC......AGTGGTGGCACAAACTATGCACAGAAGTTTCAG...GGCAGGGTCACCAGTACCAGGGACACGTCCATCAGCACAGCCTACATGGAGCTGAGCAGGCTGAGATCTGACGACACGGTCGTGTATTACTGTGCGNNNNGTATAACCGGAANNNNNNNNNNNNNNNNNNGGGGCCAAGGAACCCTGGTCACCGTCTCCTCAG	TGTGCGGAGAGTATAACCGGAATCCACACTACTTTACTACGG	CAESITGIHTTLLR	291=	295S1N12=	325S15N33=	F	T	IGH	42	4	18	1	291	1	315	296	307	2	13	326	358	16	48	455.0	1.0	3.36e-130	23.8	1.0	0.015	64.1	1.0	9.8e-15	CAGGTGCAGCTGGTGCAGTCTGGGGCT...GAGGTGAAGAAGCCTGGGGCCTCAGTGAAGGTCTCCTGCAAGGCTTCT	ATGCACTGGGTGCGACAGGCCCCTGGACAAGGGCTTGAGTGGATGGGACGG	AACTATGCACAGAAGTTTCAG...GGCAGGGTCACCAGTACCAGGGACACGTCCATCAGCACAGCCTACATGGAGCTGAGCAGGCTGAGATCTGACGACACGGTCGTGTATTACTGT	CGGGGCCAAGGAACCCTGGTCACCGTCTCCTCAG	GGATACACCTTC............ACCGGCTACTAT	ATCAACCCTAAC......AGTGGTGGCACA	GCGGAGAGTATAACCGGAATCCACACTACTTTACTA
266	GAGGTGCAGCTGGTGGAGTCTGGGGGAGGTGTGGTACGGCCTGGGGGGTCCCTGAGACTCTCCTGTGCAGCCTCTGGATTCACCTTTGATGATTATGGCATGAGCTGGGTCCGCCAAGCTCCAGGGAAGGGGCTGGAGTGGGTCTCTGGTATTAATTGGAATGGTGGTAGCACAGGTTATGCAGACTCTGTGAAGGGCCGATTCACCATCTCCAGAGACAACGCCAAGAACTCCCTGTATCTGCAAATGAACAGTCTGAGAGCCGAGGACACGGCCTTGTATCACTGTGCGAGAGAGTATAACCCGGAAACCCACACCTACTTTGACTACTGGGGCCAAGGAACCCTGGTCACCGTCTCCTCAG	F	T	IGHV3-20*01	IGHD1-14*01	IGHJ4*01	GAGGTGCAGCTGGTGGAGTCTGGGGGA...GGTGTGGTACGGCCTGGGGGGTCCCTGAGACTCTCCTGTGCAGCCTCTGGATTCACCTTT............GATGATTATGGCATGAGCTGGGTCCGCCAAGCTCCAGGGAAGGGGCTGGAGTGGGTCTCTGGTATTAATTGGAAT......GGTGGTAGCACAGGTTATGCAGACTCTGTGAAG...GGCCGATTCACCATCTCCAGAGACAACGCCAAGAACTCCCTGTATCTGCAAATGAACAGTCTGAGAGCCGAGGACACGGCCTTGTATCACTGTGCGAGAGAGTATAACCCGGAAACCCACACCTACTTTGACTACTGGGGCCAAGGAACCCTGGTCACCGTCTCCTCAG	GAGGTGCAGCTGGTGGAGTCTGGGGGA...GGTGTGGTACGGCCTGGGGGGTCCCTGAGACTCTCCTGTGCAGCCTCTGGATTCACCTTT............GATGATTATGGCATGAGCTGGGTCCGCCAAGCTCCAGGGAAGGGGCTGGAGTGGGTCTCTGGTATTAATTGGAAT......GGTGGTAGCACAGGTTATGCAGACTCTGTGAAG...GGCCGATTCACCATCTCCAGAGACAACGCCAAGAACTCCCTGTATCTGCAAATGAACAGTCTGAGAGCCGAGGACACGGCCTTGTATCACTGTGCGAGAGAGTATAACCNNNNNNNNNNNNNCTACTTTGACTACTGGGGCCAAGGAACCCTGGTCACCGTCTCCTCAG	TGTGCGAGAGAGTATAACCCGGAAACCCACACCTACTTTGACTACTGG	CAREYNPETHTYFDYW	296=	296S1N8=	317S1N47=	F	T	IGH	48	0	13	1	296	1	320	297	304	2	9	318	364	2	48	463.0	1.0	1.55e-132	16.1	1.0	3.2	91.1	1.0	7.87e-23	GAGGTGCAGCTGGTGGAGTCTGGGGGA...GGTGTGGTACGGCCTGGGGGGTCCCTGAGACTCTCCTGTGCAGCCTCT	ATGAGCTGGGTCCGCCAAGCTCCAGGGAAGGGGCTGGAGTGGGTCTCTGGT	GGTTATGCAGACTCTGTGAAG...GGCCGATTCACCATCTCCAGAGACAACGCCAAGAACTCCCTGTATCTGCAAATGAACAGTCTGAGAGCCGAGGACACGGCCTTGTATCACTGT	TGGGGCCAAGGAACCCTGGTCACCGTCTCCTCAG	GGATTCACCTTT............GATGATTATGGC	ATTAATTGGAAT......GGTGGTAGCACA	GCGAGAGAGTATAACCCGGAAACCCACACCTACTTTGACTAC
271	CAGGTCACCTTGAAGGAGTCTGGTCCTGCGCTGGTGAAACCCACAGAGACCCTCACGCTGACCTGCACTCTCTCTGGGTTCTCACTCAGCACTTCTGGAATGGGTATGAGCTGGATCCGTCAGCCCCCAGGGAAGGCCCTGGAGTGGCTTGCTCACATTTTTTTGAATGACAAAAAATCCTACAGCACGTCTCTGAAGAACAGGCTCATCATCTCCAAGGACACCTCCAAAAGCCAGGTGGTCCTTACCATGACCAACATGGACCCTGTGGACACAGCCACGTATTACTGTTGCATGAGAGGGTACAACTGGACGACATACTACTACTACTACGGTATGGACGTCTGGGGGCAAGGGACCACGGTCACCGTCTCCTCAG	F	T	IGHV2/OR16-5*01	IGHD1-1*01	IGHJ6*01	CAGGTCACCTTGAAGGAGTCTGGTCCT...GCGCTGGTGAAACCCACAGAGACCCTCACGCTGACCTGCACTCTCTCTGGGTTCTCACTCAGC......ACTTCTGGAATGGGTATGAGCTGGATCCGTCAGCCCCCAGGGAAGGCCCTGGAGTGGCTTGCTCACATTTTTTTGAAT.........GACAAAAAATCCTACAGCACGTCTCTGAAG...AACAGGCTCATCATCTCCAAGGACACCTCCAAAAGCCAGGTGGTCCTTACCATGACCAACATGGACCCTGTGGACACAGCCACGTATTACTGTTGCATGAGAGGGTACAACTGGACGACATACTACTACTACTACGGTATGGACGTCTGGGGGCAAGGGACCACGGTCACCGTCTCCTCAG	CAGGTCACCTTGAAGGAGTCTGGTCCT...GCGCTGGTGAAACCCACAGAGACCCTCACGCTGACCTGCACTCTCTCTGGGTTCTCACTCAGC......ACTTCTGGAATGGGTATGAGCTGGATCCGTCAGCCCCCAGGGAAGGCCCTGGAGTGGCTTGCTCACATTTTTTTGAAT.........GACAAAAAATCCTACAGCACGTCTCTGAAG...AACAGGCTCATCATCTCCAAGGACACCTCCAAAAGCCAGGTGGTCCTTACCATGACCAACATGGACCCTGTGGACACAGCCACGTATTACTGTNNNNNNNNNNGGTACAACTGGANNNNNTACTACTACTACTACGGTATGGACGTCTGGGGGCAAGGGACCACGGTCACCGTCTCCTCAG	TGTTGCATGAGAGGGTACAACTGGACGACATACTACTACTACTACGGTATGGACGTCTGG	CCMRGYNWTTYYYYYGMDVW	291=	301S12=	318S2N61=	F	T	IGH	60	10	5	1	291	1	312	302	313	1	12	319	379	3	63	455.0	1.0	3.55e-130	23.8	1.0	0.016	117.0	1.0	6.47e-31	CAGGTCACCTTGAAGGAGTCTGGTCCT...GCGCTGGTGAAACCCACAGAGACCCTCACGCTGACCTGCACTCTCTCT	ATGAGCTGGATCCGTCAGCCCCCAGGGAAGGCCCTGGAGTGGCTTGCTCAC	TCCTACAGCACGTCTCTGAAG...AACAGGCTCATCATCTCCAAGGACACCTCCAAAAGCCAGGTGGTCCTTACCATGACCAACATGGACCCTGTGGACACAGCCACGTATTACTGT	TGGGGGCAAGGGACCACGGTCACCGTCTCCTCAG	GGGTTCTCACTCAGC......ACTTCTGGAATGGGT	ATTTTTTTGAAT.........GACAAAAAA	TGCATGAGAGGGTACAACTGGACGACATACTACTACTACTACGGTATGGACGTC
298	GAGGTGCAGCTGTTGCAGTCTGCAGCAGAGGTGAAAAGACCCGGGGAGTCTCTGAGGATCTCCTGTAAGACTTCTGGATACAGCTTTACCAGCTACTGGATCCACTGGGTGCGCCAGATGCCCGGGAAAGAACTGGAGTGGATGGGGAGCATCTATCCTGGGAACTCTGATACCAGATACAGCCCATCCTTCCAAGGCCACGTCACCATCTCAGCCGACAGCTCCAGCAGCACCGCCTACCTGCAGTGGAGCAGCCTGAAGGCCTCGGACGCCGCCATGTATTATTGTGTGAGAGTGGTATATGGCTACGATACCACAACATGGTTCGACTCCTGGGGCCAAGGAACCCTGGTCACCGTCTCCTCAG	F	T	IGHV5-78*01	IGHD5-12*01	IGHJ5*01	GAGGTGCAGCTGTTGCAGTCTGCAGCA...GAGGTGAAAAGACCCGGGGAGTCTCTGAGGATCTCCTGTAAGACTTCTGGATACAGCTTT............ACCAGCTACTGGATCCACTGGGTGCGCCAGATGCCCGGGAAAGAACTGGAGTGGATGGGGAGCATCTATCCTGGG......AACTCTGATACCAGATACAGCCCATCCTTCCAA...GGCCACGTCACCATCTCAGCCGACAGCTCCAGCAGCACCGCCTACCTGCAGTGGAGCAGCCTGAAGGCCTCGGACGCCGCCATGTATTATTGTGTGAGAGTGGTATATGGCTACGATACCACAACATGGTTCGACTCCTGGGGCCAAGGAACCCTGGTCACCGTCTCCTCAG	GAGGTGCAGCTGTTGCAGTCTGCAGCA...GAGGTGAAAAGACCCGGGGAGTCTCTGAGGATCTCCTGTAAGACTTCTGGATACAGCTTT............ACCAGCTACTGGATCCACTGGGTGCGCCAGATGCCCGGGAAAGAACTGGAGTGGATGGGGAGCATCTATCCTGGG......AACTCTGATACCAGATACAGCCCATCCTTCCAA...GGCCACGTCACCATCTCAGCCGACAGCTCCAGCAGCACCGCCTACCTGCAGTGGAGCAGCCTGAAGGCCTCGGACGCCGCCATGTATTATTGTGTGAGANNNNNNNNTGGCTACGATNNNNNNNNNTGGTTCGACTCCTGGGGCCAAGGAACCCTGGTCACCGTCTCCTCAG	TGTGTGAGAGTGGTATATGGCTACGATACCACAACATGGTTCGACTCCTGG	CVRVVYGYDTTTWFDSW	294=	302S10N10=	321S5N46=	F	T	IGH	51	8	9	1	294	1	318	303	312	11	20	322	367	6	51	459.0	1.0	1.35e-131	19.9	1.0	0.23	89.1	1.0	3.01e-22	GAGGTGCAGCTGTTGCAGTCTGCAGCA...GAGGTGAAAAGACCCGGGGAGTCTCTGAGGATCTCCTGTAAGACTTCT	ATCCACTGGGTGCGCCAGATGCCCGGGAAAGAACTGGAGTGGATGGGGAGC	AGATACAGCCCATCCTTCCAA...GGCCACGTCACCATCTCAGCCGACAGCTCCAGCAGCACCGCCTACCTGCAGTGGAGCAGCCTGAAGGCCTCGGACGCCGCCATGTATTATTGT	TGGGGCCAAGGAACCCTGGTCACCGTCTCCTCAG	GGATACAGCTTT............ACCAGCTACTGG	ATCTATCCTGGG......AACTCTGATACC	GTGAGAGTGGTATATGGCTACGATACCACAACATGGTTCGACTCC
312	GAGGTGCAGCTGGTGGAGTCTGGGGGAGGCTTGGTCCAGCCTGGGGGGTCCCTGAAACTCTCCTGTGCAGCCTCTGGGTTCACCTTCAGTGGCTCTGCTATGCACTGGGTCCGCCAGGCTTCCGGGAAAGGGCTGGAGTGGGTTGGCCGTATTAGAAGCAAAGCTAACAGTTACGCGACAGCATATGCTGCGTCGGTGAAAGGCAGGTTCACCATCTCCAGAGATGATTCAAAGAACACGGCGTATCTGCAAATGAACAGCCTGAAAACCGAGGACACGGCCGTGTATTACTGTACTAGACAGGTGGATTATGTCTACGATTACACTAGCTTTACTACCTGGGGCCAAGGAACCCTGGTCACCGTCTCCTCAG	F	T	IGHV3-73*01	IGHD5/OR15-5a*01,IGHD5/OR15-5b*01	IGHJ5*01	GAGGTGCAGCTGGTGGAGTCTGGGGGA...GGCTTGGTCCAGCCTGGGGGGTCCCTGAAACTCTCCTGTGCAGCCTCTGGGTTCACCTTC............AGTGGCTCTGCTATGCACTGGGTCCGCCAGGCTTCCGGGAAAGGGCTGGAGTGGGTTGGCCGTATTAGAAGCAAAGCTAACAGTTACGCGACAGCATATGCTGCGTCGGTGAAA...GGCAGGTTCACCATCTCCAGAGATGATTCAAAGAACACGGCGTATCTGCAAATGAACAGCCTGAAAACCGAGGACACGGCCGTGTATTACTGTACTAGACAGGTGGATTATGTCTACGATTACACTAGCTTTACTACCTGGGGCCAAGGAACCCTGGTCACCGTCTCCTCAG	GAGGTGCAGCTGGTGGAGTCTGGGGGA...GGCTTGGTCCAGCCTGGGGGGTCCCTGAAACTCTCCTGTGCAGCCTCTGGGTTCACCTTC............AGTGGCTCTGCTATGCACTGGGTCCGCCAGGCTTCCGGGAAAGGGCTGGAGTGGGTTGGCCGTATTAGAAGCAAAGCTAACAGTTACGCGACAGCATATGCTGCGTCGGTGAAA...GGCAGGTTCACCATCTCCAGAGATGATTCAAAGAACACGGCGTATCTGCAAATGAACAGCCTGAAAACCGAGGACACGGCCGTGTATTACTGTACTAGACANNNNNNNNNTGTCTACGATTACNNNNNNNNNNNNNCCTGGGGCCAAGGAACCCTGGTCACCGTCTCCTCAG	TGTACTAGACAGGTGGATTATGTCTACGATTACACTAGCTTTACTACCTGG	CTRQVDYVYDYTSFTTW	302=	311S10N13=	337S15N36=	F	T	IGH	51	9	13	1	302	1	320	312	324	11	23	338	373	16	51	472.0	1.0	2.43e-135	25.7	1.0	0.004	69.9	1.0	1.88e-16	GAGGTGCAGCTGGTGGAGTCTGGGGGA...GGCTTGGTCCAGCCTGGGGGGTCCCTGAAACTCTCCTGTGCAGCCTCT	ATGCACTGGGTCCGCCAGGCTTCCGGGAAAGGGCTGGAGTGGGTTGGCCGT	GCATATGCTGCGTCGGTGAAA...GGCAGGTTCACCATCTCCAGAGATGATTCAAAGAACACGGCGTATCTGCAAATGAACAGCCTGAAAACCGAGGACACGGCCGTGTATTACTGT	TGGGGCCAAGGAACCCTGGTCACCGTCTCCTCAG	GGGTTCACCTTC............AGTGGCTCTGCT	ATTAGAAGCAAAGCTAACAGTTACGCGACA	ACTAGACAGGTGGATTATGTCTACGATTACACTAGCTTTACTACC
327	CAGGTACAGCTGGTGCAGTCTGGGGCTGAGGTGAAGAAGCCTGGGGCCTCAGTGAAGGTCTCCTGCAAGGCTTCTGGATACACCATCACCAGCTACTGTATGCACTGGGTGCACCAGGTCCATGCACAAGGGCTTGAGTGGATGGGATTGGTGTGCCCTAGTGATGGCAGCACAAGCTATGCACAGAAGTTCCAGGCCAGAGTCACCATAACCAGGGACACATCCATGAGCACAGCCTACATGGAGCTAAGCAGTCTGAGATCTGAGGACACGGCCATGTATTACTGTGTGAGAGAGTGGATAATAGTGGTACATTACATACTCTACTACTACGGTATGGACGTCTGGGGGCAAGGGACCACGGTCACCGTCTCCTCAG	F	T	IGHV1/OR21-1*01	IGHD3-22*01	IGHJ6*01	CAGGTACAGCTGGTGCAGTCTGGGGCT...GAGGTGAAGAAGCCTGGGGCCTCAGTGAAGGTCTCCTGCAAGGCTTCTGGATACACCATC............ACCAGCTACTGTATGCACTGGGTGCACCAGGTCCATGCACAAGGGCTTGAGTGGATGGGATTGGTGTGCCCTAGT......GATGGCAGCACAAGCTATGCACAGAAGTTCCAG...GCCAGAGTCACCATAACCAGGGACACATCCATGAGCACAGCCTACATGGAGCTAAGCAGTCTGAGATCTGAGGACACGGCCATGTATTACTGTGTGAGAGAGTGGATAATAGTGGTACATTACATACTCTACTACTACGGTATGGACGTCTGGGGGCAAGGGACCACGGTCACCGTCTCCTCAG	CAGGTACAGCTGGTGCAGTCTGGGGCT...GAGGTGAAGAAGCCTGGGGCCTCAGTGAAGGTCTCCTGCAAGGCTTCTGGATACACCATC............ACCAGCTACTGTATGCACTGGGTGCACCAGGTCCATGCACAAGGGCTTGAGTGGATGGGATTGGTGTGCCCTAGT......GATGGCAGCACAAGCTATGCACAGAAGTTCCAG...GCCAGAGTCACCATAACCAGGGACACATCCATGAGCACAGCCTACATGGAGCTAAGCAGTCTGAGATCTGAGGACACGGCCATGTATTACTGTGTGAGAGANNNGATAGTAGTGGTNNNNNNNNNNNNCTACTACTACGGTATGGACGTCTGGGGGCAAGGGACCACGGTCACCGTCTCCTCAG	TGTGTGAGAGAGTGGATAATAGTGGTACATTACATACTCTACTACTACGGTATGGACGTCTGG	CVREWIIVVHYILYYYGMDVW	296=	299S10N4=1X7=	323S7N56=	F	T	IGH	63	3	12	1	296	1	320	300	311	11	22	324	379	8	63	463.0	1.0	1.6e-132	18.0	0.91667	0.89	108.0	1.0	5.07e-28	CAGGTACAGCTGGTGCAGTCTGGGGCT...GAGGTGAAGAAGCCTGGGGCCTCAGTGAAGGTCTCCTGCAAGGCTTCT	ATGCACTGGGTGCACCAGGTCCATGCACAAGGGCTTGAGTGGATGGGATTG	AGCTATGCACAGAAGTTCCAG...GCCAGAGTCACCATAACCAGGGACACATCCATGAGCACAGCCTACATGGAGCTAAGCAGTCTGAGATCTGAGGACACGGCCATGTATTACTGT	TGGGGGCAAGGGACCACGGTCACCGTCTCCTCAG	GGATACACCATC............ACCAGCTACTGT	GTGTGCCCTAGT......GATGGCAGCACA	GTGAGAGAGTGGATAATAGTGGTACATTACATACTCTACTACTACGGTATGGACGTC
336	GAGGTGCAGCTGGTGGAGTCTGGAGGAGGCTTGATCCAGCCTGGGGGGTCCCTGAGACTCTCCTGTGCAGCCTCTGGGTTCACCGTCAGTAGCAACTACATGAGCTGGGTCCGCCAGGCTCCAGGGAAGGGGCTGGAGTGGGTCTCAGTTATTTATAGCTGTGGTAGCACATACTACGCAGACTCCGTGAAGGGCCGATTCACCATCTCCAGAGACAATTCCAAGAACACGCTGTATCTTCAAATGAACAGCCTGAGAGCTGAGGACACGGCTGTGTATTACTGTGCGAGAGAGTGGATTAGTGCTACGTTACACTACTTTGACTACTGGGGCCAAGGAACCCTGGTCACCGTCTCCTCAG	F	T	IGHV3-66*03	IGHD2-15*01,IGHD3-16*01,IGHD3-16*02	IGHJ4*01	GAGGTGCAGCTGGTGGAGTCTGGAGGA...GGCTTGATCCAGCCTGGGGGGTCCCTGAGACTCTCCTGTGCAGCCTCTGGGTTCACCGTC............AGTAGCAACTACATGAGCTGGGTCCGCCAGGCTCCAGGGAAGGGGCTGGAGTGGGTCTCAGTTATTTATAGCTGT.........GGTAGCACATACTACGCAGACTCCGTGAAG...GGCCGATTCACCATCTCCAGAGACAATTCCAAGAACACGCTGTATCTTCAAATGAACAGCCTGAGAGCTGAGGACACGGCTGTGTATTACTGTGCGAGAGAGTGGATTAGTGCTACGTTACACTACTTTGACTACTGGGGCCAAGGAACCCTGGTCACCGTCTCCTCAG	GAGGTGCAGCTGGTGGAGTCTGGAGGA...GGCTTGATCCAGCCTGGGGGGTCCCTGAGACTCTCCTGTGCAGCCTCTGGGTTCACCGTC............AGTAGCAACTACATGAGCTGGGTCCGCCAGGCTCCAGGGAAGGGGCTGGAGTGGGTCTCAGTTATTTATAGCTGT.........GGTAGCACATACTACGCAGACTCCGTGAAG...GGCCGATTCACCATCTCCAGAGACAATTCCAAGAACACGCTGTATCTTCAAATGAACAGCCTGAGAGCTGAGGACACGGCTGTGTATTACTGTGCGAGAGANNNNNNNNNTGCTACNNNNNACTACTTTGACTACTGGGGCCAAGGAACCCTGGTCACCGTCTCCTCAG	TGTGCGAGAGAGTGGATTAGTGCTACGTTACACTACTTTGACTACTGG	CAREWISATLHYFDYW	293=	302S22N6=	313S48=	F	T	IGH	48	9	5	1	293	1	320	303	308	23	28	314	361	1	48	458.0	1.0	3.91e-131	12.2	1.0	46.0	93.0	1.0	2.06e-23	GAGGTGCAGCTGGTGGAGTCTGGAGGA...GGCTTGATCCAGCCTGGGGGGTCCCTGAGACTCTCCTGTGCAGCCTCT	ATGAGCTGGGTCCGCCAGGCTCCAGGGAAGGGGCTGGAGTGGGTCTCAGTT	TACTACGCAGACTCCGTGAAG...GGCCGATTCACCATCTCCAGAGACAATTCCAAGAACACGCTGTATCTTCAAATGAACAGCCTGAGAGCTGAGGACACGGCTGTGTATTACTGT	TGGGGCCAAGGAACCCTGGTCACCGTCTCCTCAG	GGGTTCACCGTC............AGTAGCAACTAC	ATTTATAGCTGT.........GGTAGCACA	GCGAGAGAGTGGATTAGTGCTACGTTACACTACTTTGACTAC
376	GAGGTGCAGCTGGTGGAGTCTGGGGGAGGCTTGGTACAGCCTGGGGGGTCCCTGAGACTCTCCTGTGCAGCCTCTGGATTCACCTTCAGTAGCTATAGCATGAACTGGGTCCGCCAGGCTCCAGGGAAGGGGCTGGAGTGGGTTTCATACATTAGTAGTAGTAGTAGTACCATATACTACGCAGACTCTGTGAAGGGCCGATTCACCATCTCCAGAGACAATGCCAAGAACTCACTGTATCTGCAAATGAACAGCCTGAGAGACGAGGACACGGCTGTGTATTACTGTGCGAGAGACAACTGGGGATATTGCTTTGATGTCTGGGGCCAAGGGACAATGGTCACCGTCTCTTCAG	F	T	IGHV3-48*02	IGHD7-27*01	IGHJ3*01	GAGGTGCAGCTGGTGGAGTCTGGGGGA...GGCTTGGTACAGCCTGGGGGGTCCCTGAGACTCTCCTGTGCAGCCTCTGGATTCACCTTC............AGTAGCTATAGCATGAACTGGGTCCGCCAGGCTCCAGGGAAGGGGCTGGAGTGGGTTTCATACATTAGTAGTAGT......AGTAGTACCATATACTACGCAGACTCTGTGAAG...GGCCGATTCACCATCTCCAGAGACAATGCCAAGAACTCACTGTATCTGCAAATGAACAGCCTGAGAGACGAGGACACGGCTGTGTATTACTGTGCGAGAGACAACTGGGGATATTGCTTTGATGTCTGGGGCCAAGGGACAATGGTCACCGTCTCTTCAG	GAGGTGCAGCTGGTGGAGTCTGGGGGA...GGCTTGGTACAGCCTGGGGGGTCCCTGAGACTCTCCTGTGCAGCCTCTGGATTCACCTTC............AGTAGCTATAGCATGAACTGGGTCCGCCAGGCTCCAGGGAAGGGGCTGGAGTGGGTTTCATACATTAGTAGTAGT......AGTAGTACCATATACTACGCAGACTCTGTGAAG...GGCCGATTCACCATCTCCAGAGACAATGCCAAGAACTCACTGTATCTGCAAATGAACAGCCTGAGAGACGAGGACACGGCTGTGTATTACTGTGCGAGAGANAACTGGGGANNNNNNTTTGATGTCTGGGGCCAAGGGACAATGGTCACCGTCTCTTCAG	TGTGCGAGAGACAACTGGGGATATTGCTTTGATGTCTGG	CARDNWGYCFDVW	296=	297S2N9=	312S7N43=	F	T	IGH	39	1	6	1	296	1	320	298	306	3	11	313	355	8	50	463.0	1.0	1.5e-132	18.0	1.0	0.83	83.4	1.0	1.58e-20	GAGGTGCAGCTGGTGGAGTCTGGGGGA...GGCTTGGTACAGCCTGGGGGGTCCCTGAGACTCTCCTGTGCAGCCTCT	ATGAACTGGGTCCGCCAGGCTCCAGGGAAGGGGCTGGAGTGGGTTTCATAC	TACTACGCAGACTCTGTGAAG...GGCCGATTCACCATCTCCAGAGACAATGCCAAGAACTCACTGTATCTGCAAATGAACAGCCTGAGAGACGAGGACACGGCTGTGTATTACTGT	TGGGGCCAAGGGACAATGGTCACCGTCTCTTCAG	GGATTCACCTTC............AGTAGCTATAGC	ATTAGTAGTAGT......AGTAGTACCATA	GCGAGAGACAACTGGGGATATTGCTTTGATGTC
407	GAGGTGCAGCTGGTGGAGTCCGGGGGAGGCTTAGTTCAGCCTGGGGGGTCCCTGAGACTCTCCTGTGCAGCCTCTGGATTCACCTTCAGTAGCTACTGGATGCACTGGGTCCGCCAAGCTCCAGGGAAGGGGCTGGTGTGGGTCTCACGTATTAATAGTGATGGGAGTAGCACAAGCTACGCGGACTCCGTGAAGGGCCGATTCACCATCTCCAGAGACAACGCCAAGAACACGCTGTATCTGCAAATGAACAGTCTGAGAGCCGAGGACACGGCTGTGTATTACTGTGCAAGAGAGATGTATAGCGCTCGTCCCGTACGGTACTTCGATCTCTGGGGCCGTGGCACCCTGGTCACTGTCTCCTCAG	F	T	IGHV3-74*01	IGHD6-6*01	IGHJ2*01	GAGGTGCAGCTGGTGGAGTCCGGGGGA...GGCTTAGTTCAGCCTGGGGGGTCCCTGAGACTCTCCTGTGCAGCCTCTGGATTCACCTTC............AGTAGCTACTGGATGCACTGGGTCCGCCAAGCTCCAGGGAAGGGGCTGGTGTGGGTCTCACGTATTAATAGTGAT......GGGAGTAGCACAAGCTACGCGGACTCCGTGAAG...GGCCGATTCACCATCTCCAGAGACAACGCCAAGAACACGCTGTATCTGCAAATGAACAGTCTGAGAGCCGAGGACACGGCTGTGTATTACTGTGCAAGAGAGATGTATAGCGCTCGTCCCGTACGGTACTTCGATCTCTGGGGCCGTGGCACCCTGGTCACTGTCTCCTCAG	GAGGTGCAGCTGGTGGAGTCCGGGGGA...GGCTTAGTTCAGCCTGGGGGGTCCCTGAGACTCTCCTGTGCAGCCTCTGGATTCACCTTC............AGTAGCTACTGGATGCACTGGGTCCGCCAAGCTCCAGGGAAGGGGCTGGTGTGGGTCTCACGTATTAATAGTGAT......GGGAGTAGCACAAGCTACGCGGACTCCGTGAAG...GGCCGATTCACCATCTCCAGAGACAACGCCAAGAACACGCTGTATCTGCAAATGAACAGTCTGAGAGCCGAGGACACGGCTGTGTATTACTGTGCAAGAGANNNNNNNNNNGCTCGTCCNNNNNGGTACTTCGATCTCTGGGGCCGTGGCACCCTGGTCACTGTCTCCTCAG	TGTGCAAGAGAGATGTATAGCGCTCGTCCCGTACGGTACTTCGATCTCTGG	CAREMYSARPVRYFDLW	296=	306S10N8=	319S5N48=	F	T	IGH	51	10	5	1	296	1	320	307	314	11	18	320	367	6	53	463.0	1.0	1.56e-132	16.1	1.0	3.3	93.0	1.0	2.09e-23	GAGGTGCAGCTGGTGGAGTCCGGGGGA...GGCTTAGTTCAGCCTGGGGGGTCCCTGAGACTCTCCTGTGCAGCCTCT	ATGCACTGGGTCCGCCAAGCTCCAGGGAAGGGGCTGGTGTGGGTCTCACGT	AGCTACGCGGACTCCGTGAAG...GGCCGATTCACCATCTCCAGAGACAACGCCAAGAACACGCTGTATCTGCAAATGAACAGTCTGAGAGCCGAGGACACGGCTGTGTATTACTGT	TGGGGCCGTGGCACCCTGGTCACTGTCTCCTCAG	GGATTCACCTTC............AGTAGCTACTGG	ATTAATAGTGAT......GGGAGTAGCACA	GCAAGAGAGATGTATAGCGCTCGTCCCGTACGGTACTTCGATCTC
424	GAGGTGCAGCTGGTGGAGTCTGGGGGAGGCTTGGTACAGCCAGGGCCGTCCCTGAGACTCTCCTGTACAGCTTCTGGATTCACCTTTGGGTATTATCCTATGAGCTGGGTCCGCCAGGCTCCAGGGAAGGGGCTGGAGTGGGTAGGTTTCATTAGAAGCAAAGCTTATGGTGGGACAACAGAATACGCCGCGTCTGTGAAAGGCAGATTCACCATCTCAAGAGATGATTCCAAAAGCATCGCCTATCTGCAAATGAACAGCCTGAAAACCGAGGACACAGCCGTGTATTACTGTACTAGAGCAGGTTTAACGGAACACGCTGAATACTTCCAGCACTGGGGCCAGGGCACCCTGGTCACCGTCTCCTCAG	F	T	IGHV3-49*02	IGHD1-14*01,IGHD1/OR15-1a*01,IGHD1/OR15-1b*01	IGHJ1*01	GAGGTGCAGCTGGTGGAGTCTGGGGGA...GGCTTGGTACAGCCAGGGCCGTCCCTGAGACTCTCCTGTACAGCTTCTGGATTCACCTTT............GGGTATTATCCTATGAGCTGGGTCCGCCAGGCTCCAGGGAAGGGGCTGGAGTGGGTAGGTTTCATTAGAAGCAAAGCTTATGGTGGGACAACAGAATACGCCGCGTCTGTGAAA...GGCAGATTCACCATCTCAAGAGATGATTCCAAAAGCATCGCCTATCTGCAAATGAACAGCCTGAAAACCGAGGACACAGCCGTGTATTACTGTACTAGAGCAGGTTTAACGGAACACGCTGAATACTTCCAGCACTGGGGCCAGGGCACCCTGGTCACCGTCTCCTCAG	GAGGTGCAGCTGGTGGAGTCTGGGGGA...GGCTTGGTACAGCCAGGGCCGTCCCTGAGACTCTCCTGTACAGCTTCTGGATTCACCTTT............GGGTATTATCCTATGAGCTGGGTCCGCCAGGCTCCAGGGAAGGGGCTGGAGTGGGTAGGTTTCATTAGAAGCAAAGCTTATGGTGGGACAACAGAATACGCCGCGTCTGTGAAA...GGCAGATTCACCATCTCAAGAGATGATTCCAAAAGCATCGCCTATCTGCAAATGAACAGCCTGAAAACCGAGGACACAGCCGTGTATTACTGTACTAGAGNNNNNNNNNCGGAACNNGCTGAATACTTCCAGCACTGGGGCCAGGGCACCCTGGTCACCGTCTCCTCAG	TGTACTAGAGCAGGTTTAACGGAACACGCTGAATACTTCCAGCACTGG	CTRAGLTEHAEYFQHW	301=	310S8N6=	318S52=	F	T	IGH	48	9	2	1	301	1	319	311	316	9	14	319	370	1	52	470.0	1.0	7.11e-135	12.2	1.0	47.0	100.0	1.0	1.02e-25	GAGGTGCAGCTGGTGGAGTCTGGGGGA...GGCTTGGTACAGCCAGGGCCGTCCCTGAGACTCTCCTGTACAGCTTCT	ATGAGCTGGGTCCGCCAGGCTCCAGGGAAGGGGCTGGAGTGGGTAGGTTTC	GAATACGCCGCGTCTGTGAAA...GGCAGATTCACCATCTCAAGAGATGATTCCAAAAGCATCGCCTATCTGCAAATGAACAGCCTGAAAACCGAGGACACAGCCGTGTATTACTGT	TGGGGCCAGGGCACCCTGGTCACCGTCTCCTCAG	GGATTCACCTTT............GGGTATTATCCT	ATTAGAAGCAAAGCTTATGGTGGGACAACA	ACTAGAGCAGGTTTAACGGAACACGCTGAATACTTCCAGCAC
444	GAAGTGCAGCTGGTGGAGTCTGGGGGAGTCGTGGTACAGCCTGGGGGGTCCCTGAGACTCTCCTGTGCAGCCTCTGGATTCACCTTTGATGATTATACCATGCACTGGGTCCGTCAAGCTCCGGGGAAGGGTCTGGAGTGGGTCTCTCTTATTAGTTGGGATGGTGGTAGCACATACTATGCAGACTCTGTGAAGGGCCGATTCACCATCTCCAGAGACAACAGCAAAAACTCCCTGTATCTGCAAATGAACAGTCTGAGAACTGAGGACACCGCCTTGTATTACTGTGCAAAAGATAGGTATAACTGGAACAACATTACTAACTACTACTACGGTATGGACGTCTGGGGGCAAGGGACCACGGTCACCGTCTCCTCAG	F	T	IGHV3-43*01	IGHD1/OR15-1a*01,IGHD1/OR15-1b*01	IGHJ6*01	GAAGTGCAGCTGGTGGAGTCTGGGGGA...GTCGTGGTACAGCCTGGGGGGTCCCTGAGACTCTCCTGTGCAGCCTCTGGATTCACCTTT............GATGATTATACCATGCACTGGGTCCGTCAAGCTCCGGGGAAGGGTCTGGAGTGGGTCTCTCTTATTAGTTGGGAT......GGTGGTAGCACATACTATGCAGACTCTGTGAAG...GGCCGATTCACCATCTCCAGAGACAACAGCAAAAACTCCCTGTATCTGCAAATGAACAGTCTGAGAACTGAGGACACCGCCTTGTATTACTGTGCAAAAGATAGGTATAACTGGAACAACATTACTAACTACTACTACGGTATGGACGTCTGGGGGCAAGGGACCACGGTCACCGTCTCCTCAG	GAAGTGCAGCTGGTGGAGTCTGGGGGA...GTCGTGGTACAGCCTGGGGGGTCCCTGAGACTCTCCTGTGCAGCCTCTGGATTCACCTTT............GATGATTATACCATGCACTGGGTCCGTCAAGCTCCGGGGAAGGGTCTGGAGTGGGTCTCTCTTATTAGTTGGGAT......GGTGGTAGCACATACTATGCAGACTCTGTGAAG...GGCCGATTCACCATCTCCAGAGACAACAGCAAAAACTCCCTGTATCTGCAAATGAACAGTCTGAGAACTGAGGACACCGCCTTGTATTACTGTGCAAAAGATAGGTATAACTGGAACAACNNNNNNNACTACTACTACGGTATGGACGTCTGGGGGCAAGGGACCACGGTCACCGTCTCCTCAG	TGTGCAAAAGATAGGTATAACTGGAACAACATTACTAACTACTACTACGGTATGGACGTCTGG	CAKDRYNWNNITNYYYGMDVW	298=	298S17=	322S6N57=	F	T	IGH	63	0	7	1	298	1	322	299	315	1	17	323	379	7	63	466.0	1.0	1.85e-133	33.4	1.0	2.09e-05	110.0	1.0	1.34e-28	GAAGTGCAGCTGGTGGAGTCTGGGGGA...GTCGTGGTACAGCCTGGGGGGTCCCTGAGACTCTCCTGTGCAGCCTCT	ATGCACTGGGTCCGTCAAGCTCCGGGGAAGGGTCTGGAGTGGGTCTCTCTT	TACTATGCAGACTCTGTGAAG...GGCCGATTCACCATCTCCAGAGACAACAGCAAAAACTCCCTGTATCTGCAAATGAACAGTCTGAGAACTGAGGACACCGCCTTGTATTACTGT	TGGGGGCAAGGGACCACGGTCACCGTCTCCTCAG	GGATTCACCTTT............GATGATTATACC	ATTAGTTGGGAT......GGTGGTAGCACA	GCAAAAGATAGGTATAACTGGAACAACATTACTAACTACTACTACGGTATGGACGTC
446	GAGGTGCAGCTGGTGGAGTCTGGGGGAGGCTTGGTCCAGCCTGGGGGGTCCCTGAAACTCTCCTGTGCAGCCTCTGGGTTCACCTTCAGTGGCTCTGCTATGCACTGGGTCCGCCAGGCTTCCGGGAAAGGGCTGGAGTGGGTTGGCCGTATTAGAAGCAAAGCTAACAGTTACGCGACAGCATATGCTGCGTCGGTGAAAGGCAGGTTCACCATCTCCAGAGATGATTCAAAGAACACGGCGTATCTGCAAATGAACAGCCTGAAAACCGAGGACACGGCCGTGTATTACTGTACTAGACAGTGGATTACAGCTCATGGTTACCTCTGGTACTTACATCTCTGGGGCCGTGGCACCCTGGTCACTGTCTCCTCAG	F	T	IGHV3-73*01	IGHD5-18*01,IGHD5-5*01	IGHJ2*01	GAGGTGCAGCTGGTGGAGTCTGGGGGA...GGCTTGGTCCAGCCTGGGGGGTCCCTGAAACTCTCCTGTGCAGCCTCTGGGTTCACCTTC............AGTGGCTCTGCTATGCACTGGGTCCGCCAGGCTTCCGGGAAAGGGCTGGAGTGGGTTGGCCGTATTAGAAGCAAAGCTAACAGTTACGCGACAGCATATGCTGCGTCGGTGAAA...GGCAGGTTCACCATCTCCAGAGATGATTCAAAGAACACGGCGTATCTGCAAATGAACAGCCTGAAAACCGAGGACACGGCCGTGTATTACTGTACTAGACAGTGGATTACAGCTCATGGTTACCTCTGGTACTTACATCTCTGGGGCCGTGGCACCCTGGTCACTGTCTCCTCAG	GAGGTGCAGCTGGTGGAGTCTGGGGGA...GGCTTGGTCCAGCCTGGGGGGTCCCTGAAACTCTCCTGTGCAGCCTCTGGGTTCACCTTC............AGTGGCTCTGCTATGCACTGGGTCCGCCAGGCTTCCGGGAAAGGGCTGGAGTGGGTTGGCCGTATTAGAAGCAAAGCTAACAGTTACGCGACAGCATATGCTGCGTCGGTGAAA...GGCAGGTTCACCATCTCCAGAGATGATTCAAAGAACACGGCGTATCTGCAAATGAACAGCCTGAAAACCGAGGACACGGCCGTGTATTACTGTACTAGACANNNNNNNNNNNNNNATGGTTACNNCTGGTACTTCGATCTCTGGGGCCGTGGCACCCTGGTCACTGTCTCCTCAG	TGTACTAGACAGTGGATTACAGCTCATGGTTACCTCTGGTACTTACATCTCTGG	CTRQWITAHGYLWYLHLW	302=	316S12N8=	326S3N9=2X39=	F	T	IGH	54	14	2	1	302	1	320	317	324	13	20	327	376	4	53	472.0	1.0	2.44e-135	16.1	1.0	3.4	85.3	0.96	4.43e-21	GAGGTGCAGCTGGTGGAGTCTGGGGGA...GGCTTGGTCCAGCCTGGGGGGTCCCTGAAACTCTCCTGTGCAGCCTCT	ATGCACTGGGTCCGCCAGGCTTCCGGGAAAGGGCTGGAGTGGGTTGGCCGT	GCATATGCTGCGTCGGTGAAA...GGCAGGTTCACCATCTCCAGAGATGATTCAAAGAACACGGCGTATCTGCAAATGAACAGCCTGAAAACCGAGGACACGGCCGTGTATTACTGT	TGGGGCCGTGGCACCCTGGTCACTGTCTCCTCAG	GGGTTCACCTTC............AGTGGCTCTGCT	ATTAGAAGCAAAGCTAACAGTTACGCGACA	ACTAGACAGTGGATTACAGCTCATGGTTACCTCTGGTACTTACATCTC
453	CAGGTGCAGCTGGTGGAGTCTGGGGGAGGCGTGGTCCAGCCTGGGAGGTCCCTGAGACTCTCCTGTGCAGCCTCTGGATTCACCTTCAGTAGCTATGGCATGCACTGGGTCCGCCAGGCTCCAGGCAAGGGGCTGGAGTGGGTGGCAGTTATATCATATGATGGAAGTAATAAATACTATGCAGACTCCGTGAAGGGCCGATTCACCATCTCCAGAGACAATTCCAAGAACACGCTGTATCTGCAAATGAACAGCCTGAGAGCTGAGGACACGGCTGTGTATTACTGTGCGAAAGAGGTTAACTGGAAACCTAACTGGTACTTCGATCTCTGGGGCCGTGGCACCCTGGTCACTGTCTCCTCAG	F	T	IGHV3-30*18,IGHV3-30-5*01	IGHD1-20*01,IGHD1-7*01,IGHD1/OR15-1a*01	IGHJ2*01	CAGGTGCAGCTGGTGGAGTCTGGGGGA...GGCGTGGTCCAGCCTGGGAGGTCCCTGAGACTCTCCTGTGCAGCCTCTGGATTCACCTTC............AGTAGCTATGGCATGCACTGGGTCCGCCAGGCTCCAGGCAAGGGGCTGGAGTGGGTGGCAGTTATATCATATGAT......GGAAGTAATAAATACTATGCAGACTCCGTGAAG...GGCCGATTCACCATCTCCAGAGACAATTCCAAGAACACGCTGTATCTGCAAATGAACAGCCTGAGAGCTGAGGACACGGCTGTGTATTACTGTGCGAAAGAGGTTAACTGGAAACCTAACTGGTACTTCGATCTCTGGGGCCGTGGCACCCTGGTCACTGTCTCCTCAG	CAGGTGCAGCTGGTGGAGTCTGGGGGA...GGCGTGGTCCAGCCTGGGAGGTCCCTGAGACTCTCCTGTGCAGCCTCTGGATTCACCTTC............AGTAGCTATGGCATGCACTGGGTCCGCCAGGCTCCAGGCAAGGGGCTGGAGTGGGTGGCAGTTATATCATATGAT......GGAAGTAATAAATACTATGCAGACTCCGTGAAG...GGCCGATTCACCATCTCCAGAGACAATTCCAAGAACACGCTGTATCTGCAAATGAACAGCCTGAGAGCTGAGGACACGGCTGTGTATTACTGTGCGAAAGANNNTAACTGGAANNNNNACTGGTACTTCGATCTCTGGGGCCGTGGCACCCTGGTCACTGTCTCCTCAG	TGTGCGAAAGAGGTTAACTGGAAACCTAACTGGTACTTCGATCTCTGG	CAKEVNWKPNWYFDLW	296=	299S4N9=	313S2N51=	F	T	IGH	48	3	5	1	296	1	320	300	308	5	13	314	364	3	53	463.0	1.0	1.55e-132	18.0	1.0	0.86	98.7	1.0	3.81e-25	CAGGTGCAGCTGGTGGAGTCTGGGGGA...GGCGTGGTCCAGCCTGGGAGGTCCCTGAGACTCTCCTGTGCAGCCTCT	ATGCACTGGGTCCGCCAGGCTCCAGGCAAGGGGCTGGAGTGGGTGGCAGTT	TACTATGCAGACTCCGTGAAG...GGCCGATTCACCATCTCCAGAGACAATTCCAAGAACACGCTGTATCTGCAAATGAACAGCCTGAGAGCTGAGGACACGGCTGTGTATTACTGT	TGGGGCCGTGGCACCCTGGTCACTGTCTCCTCAG	GGATTCACCTTC............AGTAGCTATGGC	ATATCATATGAT......GGAAGTAATAAA	GCGAAAGAGGTTAACTGGAAACCTAACTGGTACTTCGATCTC
456	GAGGTCCAGCTGGTACAGTCTGGGGCTGAGGTGAAGAAGCCTGGGGCTACAGTGAAAATCTCCTGCAAGGTTTCTGGATACACCTTCACCGACTACTACATGCACTGGGTGCAACAGGCCCCTGGAAAAGGGCTTGAGTGGATGGGACTTGTTGATCCTGAAGATGGTGAAACAATATACGCAGAGAAGTTCCAGGGCAGAGTCACCATAACCGCGGACACGTCTACAGACACAGCCTACATGGAGCTGAGCAGCCTGAGATCTGAGGACACGGCCGTGTATTACTGTGCAACAGAGGGATATAGTGCTACAGATTACGCTGAATACTTCCAGCACTGGGGCCAGGGCACCCTGGTCACCGTCTCCTCAG	F	T	IGHV1-69-2*01	IGHD5-12*01,IGHD5/OR15-5a*01,IGHD5/OR15-5b*01	IGHJ1*01	GAGGTCCAGCTGGTACAGTCTGGGGCT...GAGGTGAAGAAGCCTGGGGCTACAGTGAAAATCTCCTGCAAGGTTTCTGGATACACCTTC............ACCGACTACTACATGCACTGGGTGCAACAGGCCCCTGGAAAAGGGCTTGAGTGGATGGGACTTGTTGATCCTGAA......GATGGTGAAACAATATACGCAGAGAAGTTCCAG...GGCAGAGTCACCATAACCGCGGACACGTCTACAGACACAGCCTACATGGAGCTGAGCAGCCTGAGATCTGAGGACACGGCCGTGTATTACTGTGCAACAGAGGGATATAGTGCTACAGATTACGCTGAATACTTCCAGCACTGGGGCCAGGGCACCCTGGTCACCGTCTCCTCAG	GAGGTCCAGCTGGTACAGTCTGGGGCT...GAGGTGAAGAAGCCTGGGGCTACAGTGAAAATCTCCTGCAAGGTTTCTGGATACACCTTC............ACCGACTACTACATGCACTGGGTGCAACAGGCCCCTGGAAAAGGGCTTGAGTGGATGGGACTTGTTGATCCTGAA......GATGGTGAAACAATATACGCAGAGAAGTTCCAG...GGCAGAGTCACCATAACCGCGGACACGTCTACAGACACAGCCTACATGGAGCTGAGCAGCCTGAGATCTGAGGACACGGCCGTGTATTACTGTGCAACAGANGGATATAGTGNNNNNNNNNNNGCTGAATACTTCCAGCACTGGGGCCAGGGCACCCTGGTCACCGTCTCCTCAG	TGTGCAACAGAGGGATATAGTGCTACAGATTACGCTGAATACTTCCAGCACTGG	CATEGYSATDYAEYFQHW	296=	297S2N10=	318S52=	F	T	IGH	54	1	11	1	296	1	320	298	307	3	12	319	370	1	52	463.0	1.0	1.57e-132	19.9	1.0	0.23	100.0	1.0	1.02e-25	GAGGTCCAGCTGGTACAGTCTGGGGCT...GAGGTGAAGAAGCCTGGGGCTACAGTGAAAATCTCCTGCAAGGTTTCT	ATGCACTGGGTGCAACAGGCCCCTGGAAAAGGGCTTGAGTGGATGGGACTT	ATATACGCAGAGAAGTTCCAG...GGCAGAGTCACCATAACCGCGGACACGTCTACAGACACAGCCTACATGGAGCTGAGCAGCCTGAGATCTGAGGACACGGCCGTGTATTACTGT	TGGGGCCAGGGCACCCTGGTCACCGTCTCCTCAG	GGATACACCTTC............ACCGACTACTAC	GTTGATCCTGAA......GATGGTGAAACA	GCAACAGAGGGATATAGTGCTACAGATTACGCTGAATACTTCCAGCAC
482	CAGGTGCAGCTGGTGGAGTCTGGGGGAGGCGTGGTCCAGCCTGGGGGGTCCCTGAGACTCTCCTGTGCAGCGTCTGGATTCACCTTCAGTAGCTATGGCATGCACTGGGTCCGCCAGGCTCCAGGCAAGGGGCTGGAGTGGGTGGCATTTATACGGTATGATGGAAGTAATAAATACTATGCAGACTCCGTGAAGGGCCGATTCACCATCTCCAGAGACAATTCCAAGAACACGCTGTATCTGCAAATGAACAGCCTGAGAGCTGAGGACACGGCTGTGTATTACTGTGCGAAAGAGTGTATAACGTGGAACTACTGTGCTTTTGATGTCTGGGGCCAAGGGACAATGGTCACCGTCTCTTCAG	F	T	IGHV3-30*02,IGHV3-30-5*02	IGHD1-7*01	IGHJ3*01	CAGGTGCAGCTGGTGGAGTCTGGGGGA...GGCGTGGTCCAGCCTGGGGGGTCCCTGAGACTCTCCTGTGCAGCGTCTGGATTCACCTTC............AGTAGCTATGGCATGCACTGGGTCCGCCAGGCTCCAGGCAAGGGGCTGGAGTGGGTGGCATTTATACGGTATGAT......GGAAGTAATAAATACTATGCAGACTCCGTGAAG...GGCCGATTCACCATCTCCAGAGACAATTCCAAGAACACGCTGTATCTGCAAATGAACAGCCTGAGAGCTGAGGACACGGCTGTGTATTACTGTGCGAAAGAGTGTATAACGTGGAACTACTGTGCTTTTGATGTCTGGGGCCAAGGGACAATGGTCACCGTCTCTTCAG	CAGGTGCAGCTGGTGGAGTCTGGGGGA...GGCGTGGTCCAGCCTGGGGGGTCCCTGAGACTCTCCTGTGCAGCGTCTGGATTCACCTTC............AGTAGCTATGGCATGCACTGGGTCCGCCAGGCTCCAGGCAAGGGGCTGGAGTGGGTGGCATTTATACGGTATGAT......GGAAGTAATAAATACTATGCAGACTCCGTGAAG...GGCCGATTCACCATCTCCAGAGACAATTCCAAGAACACGCTGTATCTGCAAATGAACAGCCTGAGAGCTGAGGACACGGCTGTGTATTACTGTGCGAAAGANNNNNNNNNNTGGAACTACNNTGCTTTTGATGTCTGGGGCCAAGGGACAATGGTCACCGTCTCTTCAG	TGTGCGAAAGAGTGTATAACGTGGAACTACTGTGCTTTTGATGTCTGG	CAKECITWNYCAFDVW	296=	306S8N9=	317S3N47=	F	T	IGH	48	10	2	1	296	1	320	307	315	9	17	318	364	4	50	463.0	1.0	1.55e-132	18.0	1.0	0.86	91.1	1.0	7.87e-23	CAGGTGCAGCTGGTGGAGTCTGGGGGA...GGCGTGGTCCAGCCTGGGGGGTCCCTGAGACTCTCCTGTGCAGCGTCT	ATGCACTGGGTCCGCCAGGCTCCAGGCAAGGGGCTGGAGTGGGTGGCATTT	TACTATGCAGACTCCGTGAAG...GGCCGATTCACCATCTCCAGAGACAATTCCAAGAACACGCTGTATCTGCAAATGAACAGCCTGAGAGCTGAGGACACGGCTGTGTATTACTGT	TGGGGCCAAGGGACAATGGTCACCGTCTCTTCAG	GGATTCACCTTC............AGTAGCTATGGC	ATACGGTATGAT......GGAAGTAATAAA	GCGAAAGAGTGTATAACGTGGAACTACTGTGCTTTTGATGTC
492	CAGGTGCAGCTGGTGCAATCTGGGTCTGAGTTGAAGAAGCCTGGGGCCTCAGTGAAGGTTTCCTGCAAGGCTTCTGGATACACCTTCACTAGCTATGCTATGAATTGGGTGCGACAGGCCCCTGGACAAGGGCTTGAGTGGATGGGATGGATCAACACCAACACTGGGAACCCAACGTATGCCCAGGGCTTCACAGGACGGTTTGTCTTCTCCTTGGACACCTCTGTCAGCACGGCATATCTGCAGATCTGCAGCCTAAAGGCTGAGGACACTGCCGTGTATTACTGTGCGAGAGGGGTTAGCAGGTGGCTGGTACCTACTGGTTACTTCGATCTCTGGGGCCGTGGCACCCTGGTCACTGTCTCCTCAG	F	T	IGHV7-4-1*01	IGHD6-19*01	IGHJ2*01	CAGGTGCAGCTGGTGCAATCTGGGTCT...GAGTTGAAGAAGCCTGGGGCCTCAGTGAAGGTTTCCTGCAAGGCTTCTGGATACACCTTC............ACTAGCTATGCTATGAATTGGGTGCGACAGGCCCCTGGACAAGGGCTTGAGTGGATGGGATGGATCAACACCAAC......ACTGGGAACCCAACGTATGCCCAGGGCTTCACA...GGACGGTTTGTCTTCTCCTTGGACACCTCTGTCAGCACGGCATATCTGCAGATCTGCAGCCTAAAGGCTGAGGACACTGCCGTGTATTACTGTGCGAGAGGGGTTAGCAGGTGGCTGGTACCTACTGGTTACTTCGATCTCTGGGGCCGTGGCACCCTGGTCACTGTCTCCTCAG	CAGGTGCAGCTGGTGCAATCTGGGTCT...GAGTTGAAGAAGCCTGGGGCCTCAGTGAAGGTTTCCTGCAAGGCTTCTGGATACACCTTC............ACTAGCTATGCTATGAATTGGGTGCGACAGGCCCCTGGACAAGGGCTTGAGTGGATGGGATGGATCAACACCAAC......ACTGGGAACCCAACGTATGCCCAGGGCTTCACA...GGACGGTTTGTCTTCTCCTTGGACACCTCTGTCAGCACGGCATATCTGCAGATCTGCAGCCTAAAGGCTGAGGACACTGCCGTGTATTACTGTGCGAGAGNNNNNNNNNNGTGGCTGGTACNNNNNNNNTACTTCGATCTCTGGGGCCGTGGCACCCTGGTCACTGTCTCCTCAG	TGTGCGAGAGGGGTTAGCAGGTGGCTGGTACCTACTGGTTACTTCGATCTCTGG	CARGVSRWLVPTGYFDLW	295=	305S10N11=	324S7N46=	F	T	IGH	54	10	8	1	295	1	319	306	316	11	21	325	370	8	53	461.0	1.0	4.63e-132	21.8	1.0	0.061	89.1	1.0	3.03e-22	CAGGTGCAGCTGGTGCAATCTGGGTCT...GAGTTGAAGAAGCCTGGGGCCTCAGTGAAGGTTTCCTGCAAGGCTTCT	ATGAATTGGGTGCGACAGGCCCCTGGACAAGGGCTTGAGTGGATGGGATGG	ACGTATGCCCAGGGCTTCACA...GGACGGTTTGTCTTCTCCTTGGACACCTCTGTCAGCACGGCATATCTGCAGATCTGCAGCCTAAAGGCTGAGGACACTGCCGTGTATTACTGT	TGGGGCCGTGGCACCCTGGTCACTGTCTCCTCAG	GGATACACCTTC............ACTAGCTATGCT	ATCAACACCAAC......ACTGGGAACCCA	GCGAGAGGGGTTAGCAGGTGGCTGGTACCTACTGGTTACTTCGATCTC
511	GAGGTGCAGCTGGTGGAGTCTGGGGAAGGCTTGGTCCAGCCTGGGGGGTCCCTGAGACTCTCCTGTGCAGCCTCTGGATTCACCTTCAGTAGCTATGCTATGCACTGGGTCCGCCAGGCTCCAGGGAAGGGACTGGAATATGTTTCAGCTATTAGTAGTAATGGGGGTAGCACATATTATGCAGACTCTGTGAAGGGCAGATTCACCATCTCCAGAGACAATTCCAAGAACACGCTGTATCTTCAAATGGGCAGCCTGAGAGCTGAGGACATGGCTGTGTATTACTGTGCGAGAGAGGTAAACCGTGAACCACACTACTTTGACTACTGGGGCCAAGGAACCCTGGTCACCGTCTCCTCAG	F	T	IGHV3-64*02	IGHD1-14*01	IGHJ4*01	GAGGTGCAGCTGGTGGAGTCTGGGGAA...GGCTTGGTCCAGCCTGGGGGGTCCCTGAGACTCTCCTGTGCAGCCTCTGGATTCACCTTC............AGTAGCTATGCTATGCACTGGGTCCGCCAGGCTCCAGGGAAGGGACTGGAATATGTTTCAGCTATTAGTAGTAAT......GGGGGTAGCACATATTATGCAGACTCTGTGAAG...GGCAGATTCACCATCTCCAGAGACAATTCCAAGAACACGCTGTATCTTCAAATGGGCAGCCTGAGAGCTGAGGACATGGCTGTGTATTACTGTGCGAGAGAGGTAAACCGTGAACCACACTACTTTGACTACTGGGGCCAAGGAACCCTGGTCACCGTCTCCTCAG	GAGGTGCAGCTGGTGGAGTCTGGGGAA...GGCTTGGTCCAGCCTGGGGGGTCCCTGAGACTCTCCTGTGCAGCCTCTGGATTCACCTTC............AGTAGCTATGCTATGCACTGGGTCCGCCAGGCTCCAGGGAAGGGACTGGAATATGTTTCAGCTATTAGTAGTAAT......GGGGGTAGCACATATTATGCAGACTCTGTGAAG...GGCAGATTCACCATCTCCAGAGACAATTCCAAGAACACGCTGTATCTTCAAATGGGCAGCCTGAGAGCTGAGGACATGGCTGTGTATTACTGTGCGAGAGANNNNNNNNNNGAACCACACTACTTTGACTACTGGGGCCAAGGAACCCTGGTCACCGTCTCCTCAG	TGTGCGAGAGAGGTAAACCGTGAACCACACTACTTTGACTACTGG	CAREVNREPHYFDYW	296=	306S10N7=	313S48=	F	T	IGH	45	10	0	1	296	1	320	307	313	11	17	314	361	1	48	463.0	1.0	1.53e-132	14.1	1.0	12.0	93.0	1.0	2.06e-23	GAGGTGCAGCTGGTGGAGTCTGGGGAA...GGCTTGGTCCAGCCTGGGGGGTCCCTGAGACTCTCCTGTGCAGCCTCT	ATGCACTGGGTCCGCCAGGCTCCAGGGAAGGGACTGGAATATGTTTCAGCT	TATTATGCAGACTCTGTGAAG...GGCAGATTCACCATCTCCAGAGACAATTCCAAGAACACGCTGTATCTTCAAATGGGCAGCCTGAGAGCTGAGGACATGGCTGTGTATTACTGT	TGGGGCCAAGGAACCCTGGTCACCGTCTCCTCAG	GGATTCACCTTC............AGTAGCTATGCT	ATTAGTAGTAAT......GGGGGTAGCACA	GCGAGAGAGGTAAACCGTGAACCACACTACTTTGACTAC
547	GAGGTGCAGCTGGTAGAGTCTGGGAGAGGCTTGGCCCAGCCTGGGGGGTACCTAAAACTCTCCGGTGCAGCCTCTGGATTCACCGTCGGTAGCTGGTACATGAGCTGGATCCACCAGGCTCCAGGGAAGGGTCTGGAGTGGGTCTCATACATTAGTAGTAGTGGTTGTAGCACAAACTACGCAGACTCTGTGAAGGGCAGATTCACCATCTCCACAGACAACTCAAAGAACACGCTCTACCTGCAAATGAACAGCCTGAGAGTGGAGGACACGGCCGTGTATTACTGTGCAAGAGGTAATACTGGAACAACTGATGGCTTTTGTGTCTGGGGCCAAGGGACAATGGTCACCGTCTCTTCAG	F	T	IGHV3/OR16-12*01	IGHD1/OR15-1a*01,IGHD1/OR15-1b*01	IGHJ3*01	GAGGTGCAGCTGGTAGAGTCTGGGAGA...GGCTTGGCCCAGCCTGGGGGGTACCTAAAACTCTCCGGTGCAGCCTCTGGATTCACCGTC............GGTAGCTGGTACATGAGCTGGATCCACCAGGCTCCAGGGAAGGGTCTGGAGTGGGTCTCATACATTAGTAGTAGT......GGTTGTAGCACAAACTACGCAGACTCTGTGAAG...GGCAGATTCACCATCTCCACAGACAACTCAAAGAACACGCTCTACCTGCAAATGAACAGCCTGAGAGTGGAGGACACGGCCGTGTATTACTGTGCAAGAGGTAATACTGGAACAACTGATGGCTTTTGTGTCTGGGGCCAAGGGACAATGGTCACCGTCTCTTCAG	GAGGTGCAGCTGGTAGAGTCTGGGAGA...GGCTTGGCCCAGCCTGGGGGGTACCTAAAACTCTCCGGTGCAGCCTCTGGATTCACCGTC............GGTAGCTGGTACATGAGCTGGATCCACCAGGCTCCAGGGAAGGGTCTGGAGTGGGTCTCATACATTAGTAGTAGT......GGTTGTAGCACAAACTACGCAGACTCTGTGAAG...GGCAGATTCACCATCTCCACAGACAACTCAAAGAACACGCTCTACCTGCAAATGAACAGCCTGAGAGTGGAGGACACGGCCGTGTATTACTGTGCAAGAGNNNNNACTGGAACAACNNNNNNNNNNNNTGTCTGGGGCCAAGGGACAATGGTCACCGTCTCTTCAG	TGTGCAAGAGGTAATACTGGAACAACTGATGGCTTTTGTGTCTGG	CARGNTGTTDGFCVW	295=	300S6N11=	323S12N38=	F	T	IGH	45	5	12	1	295	1	319	301	311	7	17	324	361	13	50	461.0	1.0	4.51e-132	21.8	1.0	0.059	73.7	1.0	1.26e-17	GAGGTGCAGCTGGTAGAGTCTGGGAGA...GGCTTGGCCCAGCCTGGGGGGTACCTAAAACTCTCCGGTGCAGCCTCT	ATGAGCTGGATCCACCAGGCTCCAGGGAAGGGTCTGGAGTGGGTCTCATAC	AACTACGCAGACTCTGTGAAG...GGCAGATTCACCATCTCCACAGACAACTCAAAGAACACGCTCTACCTGCAAATGAACAGCCTGAGAGTGGAGGACACGGCCGTGTATTACTGT	TGGGGCCAAGGGACAATGGTCACCGTCTCTTCAG	GGATTCACCGTC............GGTAGCTGGTAC	ATTAGTAGTAGT......GGTTGTAGCACA	GCAAGAGGTAATACTGGAACAACTGATGGCTTTTGTGTC
553	CAGATGCAGCTGGTGCAGTCTGGGGCTGAGGTGAAGAAGACTGGGTCCTCAGTGAAGGTTTCCTGCAAGGCTTCCGGATACACCTTCACCTACCGCTACCTGCACTGGGTGCGACAGGCCCCCGGACAAGCGCTTGAGTGGATGGGATGGATCACACCTTTCAATGGTAACACCAACTACGCACAGAAATTCCAGGACAGAGTCACCATTACCAGGGACAGGTCTATGAGCACAGCCTACATGGAGCTGAGCAGCCTGAGATCTGAGGACACAGCCATGTATTACTGTGCACAGATAGTGAATACAGCTATGGTTACATTATACTACTACTACGGTATGGACGTCTGGGGGCAAGGGACCACGGTCACCGTCTCCTCAG	F	T	IGHV1-45*02	IGHD5-18*01,IGHD5-5*01	IGHJ6*01	CAGATGCAGCTGGTGCAGTCTGGGGCT...GAGGTGAAGAAGACTGGGTCCTCAGTGAAGGTTTCCTGCAAGGCTTCCGGATACACCTTC............ACCTACCGCTACCTGCACTGGGTGCGACAGGCCCCCGGACAAGCGCTTGAGTGGATGGGATGGATCACACCTTTC......AATGGTAACACCAACTACGCACAGAAATTCCAG...GACAGAGTCACCATTACCAGGGACAGGTCTATGAGCACAGCCTACATGGAGCTGAGCAGCCTGAGATCTGAGGACACAGCCATGTATTACTGTGCACAGATAGTGAATACAGCTATGGTTACATTATACTACTACTACGGTATGGACGTCTGGGGGCAAGGGACCACGGTCACCGTCTCCTCAG	CAGATGCAGCTGGTGCAGTCTGGGGCT...GAGGTGAAGAAGACTGGGTCCTCAGTGAAGGTTTCCTGCAAGGCTTCCGGATACACCTTC............ACCTACCGCTACCTGCACTGGGTGCGACAGGCCCCCGGACAAGCGCTTGAGTGGATGGGATGGATCACACCTTTC......AATGGTAACACCAACTACGCACAGAAATTCCAG...GACAGAGTCACCATTACCAGGGACAGGTCTATGAGCACAGCCTACATGGAGCTGAGCAGCCTGAGATCTGAGGACACAGCCATGTATTACTGTGCANNNNNNGTGGATACAGCTATGGTTACNNNNTACTACTACTACGGTATGGACGTCTGGGGGCAAGGGACCACGGTCACCGTCTCCTCAG	TGTGCACAGATAGTGAATACAGCTATGGTTACATTATACTACTACTACGGTATGGACGTCTGG	CAQIVNTAMVTLYYYYGMDVW	291=	297S3=1X16=	321S5N58=	F	T	IGH	63	6	4	1	291	1	315	298	317	1	20	322	379	6	63	455.0	1.0	3.55e-130	33.4	0.95	2.09e-05	112.0	1.0	3.52e-29	CAGATGCAGCTGGTGCAGTCTGGGGCT...GAGGTGAAGAAGACTGGGTCCTCAGTGAAGGTTTCCTGCAAGGCTTCC	CTGCACTGGGTGCGACAGGCCCCCGGACAAGCGCTTGAGTGGATGGGATGG	AACTACGCACAGAAATTCCAG...GACAGAGTCACCATTACCAGGGACAGGTCTATGAGCACAGCCTACATGGAGCTGAGCAGCCTGAGATCTGAGGACACAGCCATGTATTACTGT	TGGGGGCAAGGGACCACGGTCACCGTCTCCTCAG	GGATACACCTTC............ACCTACCGCTAC	ATCACACCTTTC......AATGGTAACACC	GCACAGATAGTGAATACAGCTATGGTTACATTATACTACTACTACGGTATGGACGTC
588	CAGGTCCAGCTGGTGCAGTCTGGGGCTGAGGTGAAGAAGCCTGGGTCCTCGGTGAAGGTCTCCTGCAAGGCTTCTGGAGGCACCTTCAGCAGCTATGCTATCAGCTGGGTGCGACAGGCCCCTGGACAAGGGCTTGAGTGGATGGGAGGGATCATCCCTATCTTTGGTACAGCAAACTACGCACAGAAGTTCCAGGGCAGAGTCACGATTACCGCGGACGAATCCACGAGCACAGCCTACATGGAGCTGAGCAGCCTGAGATCTGAGGACACGGCCGTGTATTACTGTGCGAGAGAGTGGAATACAGCATGGTTACACTACTTTGACTACTGGGGCCAAGGAACCCTGGTCACCGTCTCCTCAG	F	T	IGHV1-69*12	IGHD5-18*01,IGHD5-5*01	IGHJ4*01	CAGGTCCAGCTGGTGCAGTCTGGGGCT...GAGGTGAAGAAGCCTGGGTCCTCGGTGAAGGTCTCCTGCAAGGCTTCTGGAGGCACCTTC............AGCAGCTATGCTATCAGCTGGGTGCGACAGGCCCCTGGACAAGGGCTTGAGTGGATGGGAGGGATCATCCCTATC......TTTGGTACAGCAAACTACGCACAGAAGTTCCAG...GGCAGAGTCACGATTACCGCGGACGAATCCACGAGCACAGCCTACATGGAGCTGAGCAGCCTGAGATCTGAGGACACGGCCGTGTATTACTGTGCGAGAGAGTGGAATACAGCATGGTTACACTACTTTGACTACTGGGGCCAAGGAACCCTGGTCACCGTCTCCTCAG	CAGGTCCAGCTGGTGCAGTCTGGGGCT...GAGGTGAAGAAGCCTGGGTCCTCGGTGAAGGTCTCCTGCAAGGCTTCTGGAGGCACCTTC............AGCAGCTATGCTATCAGCTGGGTGCGACAGGCCCCTGGACAAGGGCTTGAGTGGATGGGAGGGATCATCCCTATC......TTTGGTACAGCAAACTACGCACAGAAGTTCCAG...GGCAGAGTCACGATTACCGCGGACGAATCCACGAGCACAGCCTACATGGAGCTGAGCAGCCTGAGATCTGAGGACACGGCCGTGTATTACTGTGCGAGAGANNNNNNNNNNNNATGGTTACACTACTTTGACTACTGGGGCCAAGGAACCCTGGTCACCGTCTCCTCAG	TGTGCGAGAGAGTGGAATACAGCATGGTTACACTACTTTGACTACTGG	CAREWNTAWLHYFDYW	296=	308S12N8=	316S48=	F	T	IGH	48	12	0	1	296	1	320	309	316	13	20	317	364	1	48	463.0	1.0	1.55e-132	16.1	1.0	3.2	93.0	1.0	2.07e-23	CAGGTCCAGCTGGTGCAGTCTGGGGCT...GAGGTGAAGAAGCCTGGGTCCTCGGTGAAGGTCTCCTGCAAGGCTTCT	ATCAGCTGGGTGCGACAGGCCCCTGGACAAGGGCTTGAGTGGATGGGAGGG	AACTACGCACAGAAGTTCCAG...GGCAGAGTCACGATTACCGCGGACGAATCCACGAGCACAGCCTACATGGAGCTGAGCAGCCTGAGATCTGAGGACACGGCCGTGTATTACTGT	TGGGGCCAAGGAACCCTGGTCACCGTCTCCTCAG	GGAGGCACCTTC............AGCAGCTATGCT	ATCATCCCTATC......TTTGGTACAGCA	GCGAGAGAGTGGAATACAGCATGGTTACACTACTTTGACTAC
640	CAGGTCACCTTGAAGGAGTCTGGTCCTGCGCTGGTGAAACCCACAGAGACCCTCACGCTGACCTGCACTCTCTCTGGGTTCTCACTCAGCACTTCTGGAATGGGTATGAGCTGGATCCGTCAGCCCCCAGGGAAGGCCCTGGAGTGGCTTGCTCACATTTTTTTGAATGACAAAAAATCCTACAGCACGTCTCTGAAGAACAGGCTCATCATCTCCAAGGACACCTCCAAAAGCCAGGTGGTCCTTACCATGACCAACATGGACCCTGTGGACACAGCCACGTATTACTGTGCATGGAAGGAGTATAGCAGTCTCGTTCCGCTAGAATACTTCCAGCACTGGGGCCAGGGCACCCTGGTCACCGTCTCCTCAG	F	T	IGHV2/OR16-5*01	IGHD6-6*01	IGHJ1*01	CAGGTCACCTTGAAGGAGTCTGGTCCT...GCGCTGGTGAAACCCACAGAGACCCTCACGCTGACCTGCACTCTCTCTGGGTTCTCACTCAGC......ACTTCTGGAATGGGTATGAGCTGGATCCGTCAGCCCCCAGGGAAGGCCCTGGAGTGGCTTGCTCACATTTTTTTGAAT.........GACAAAAAATCCTACAGCACGTCTCTGAAG...AACAGGCTCATCATCTCCAAGGACACCTCCAAAAGCCAGGTGGTCCTTACCATGACCAACATGGACCCTGTGGACACAGCCACGTATTACTGTGCATGGAAGGAGTATAGCAGTCTCGTTCCGCTAGAATACTTCCAGCACTGGGGCCAGGGCACCCTGGTCACCGTCTCCTCAG	CAGGTCACCTTGAAGGAGTCTGGTCCT...GCGCTGGTGAAACCCACAGAGACCCTCACGCTGACCTGCACTCTCTCTGGGTTCTCACTCAGC......ACTTCTGGAATGGGTATGAGCTGGATCCGTCAGCCCCCAGGGAAGGCCCTGGAGTGGCTTGCTCACATTTTTTTGAAT.........GACAAAAAATCCTACAGCACGTCTCTGAAG...AACAGGCTCATCATCTCCAAGGACACCTCCAAAAGCCAGGTGGTCCTTACCATGACCAACATGGACCCTGTGGACACAGCCACGTATTACTGTGCATGGANNGAGTATAGCAGNNNNNNNNNNNNNGAATACTTCCAGCACTGGGGCCAGGGCACCCTGGTCACCGTCTCCTCAG	TGTGCATGGAAGGAGTATAGCAGTCTCGTTCCGCTAGAATACTTCCAGCACTGG	CAWKEYSSLVPLEYFQHW	298=	300S11=	324S3N49=	F	T	IGH	54	2	13	1	298	1	319	301	311	1	11	325	373	4	52	466.0	1.0	1.83e-133	21.8	1.0	0.061	94.9	1.0	5.61e-24	CAGGTCACCTTGAAGGAGTCTGGTCCT...GCGCTGGTGAAACCCACAGAGACCCTCACGCTGACCTGCACTCTCTCT	ATGAGCTGGATCCGTCAGCCCCCAGGGAAGGCCCTGGAGTGGCTTGCTCAC	TCCTACAGCACGTCTCTGAAG...AACAGGCTCATCATCTCCAAGGACACCTCCAAAAGCCAGGTGGTCCTTACCATGACCAACATGGACCCTGTGGACACAGCCACGTATTACTGT	TGGGGCCAGGGCACCCTGGTCACCGTCTCCTCAG	GGGTTCTCACTCAGC......ACTTCTGGAATGGGT	ATTTTTTTGAAT.........GACAAAAAA	GCATGGAAGGAGTATAGCAGTCTCGTTCCGCTAGAATACTTCCAGCAC
657	GAGGTGCAGCTGGTGGAGTCTGGGGGAGGCTTGGTCCAGCCTGGGGGGTCCCTGAGACTCTCCTGTGCAGCCTCTGGATTCACCTTCAGTAGCTATGCTATGCACTGGGTCCGCCAGGCTCCAGGGAAGGGACTGGAATATGTTTCAGCTATTAGTAGTAATGGGGGTAGCACATATTATGCAAACTCTGTGAAGGGCAGATTCACCATCTCCAGAGACAATTCCAAGAACACGCTGTATCTTCAAATGGGCAGCCTGAGAGCTGAGGACATGGCTGTGTATTACTGTGCGAGAGAGTATTACGATTATTTTAGGAGTGAGTTTTATAGCCACTACTTTGACTACTGGGGCCAAGGAACCCTGGTCACCGTCTCCTCAG	F	T	IGHV3-64*01	IGHD3-3*01	IGHJ4*01	GAGGTGCAGCTGGTGGAGTCTGGGGGA...GGCTTGGTCCAGCCTGGGGGGTCCCTGAGACTCTCCTGTGCAGCCTCTGGATTCACCTTC............AGTAGCTATGCTATGCACTGGGTCCGCCAGGCTCCAGGGAAGGGACTGGAATATGTTTCAGCTATTAGTAGTAAT......GGGGGTAGCACATATTATGCAAACTCTGTGAAG...GGCAGATTCACCATCTCCAGAGACAATTCCAAGAACACGCTGTATCTTCAAATGGGCAGCCTGAGAGCTGAGGACATGGCTGTGTATTACTGTGCGAGAGAGTATTACGATTATTTTAGGAGTGAGTTTTATAGCCACTACTTTGACTACTGGGGCCAAGGAACCCTGGTCACCGTCTCCTCAG	GAGGTGCAGCTGGTGGAGTCTGGGGGA...GGCTTGGTCCAGCCTGGGGGGTCCCTGAGACTCTCCTGTGCAGCCTCTGGATTCACCTTC............AGTAGCTATGCTATGCACTGGGTCCGCCAGGCTCCAGGGAAGGGACTGGAATATGTTTCAGCTATTAGTAGTAAT......GGGGGTAGCACATATTATGCAAACTCTGTGAAG...GGCAGATTCACCATCTCCAGAGACAATTCCAAGAACACGCTGTATCTTCAAATGGGCAGCCTGAGAGCTGAGGACATGGCTGTGTATTACTGTGCGAGAGAGTATTACGATTNNNNNNNNNNNNNNNNNNNNNNNNACTACTTTGACTACTGGGGCCAAGGAACCCTGGTCACCGTCTCCTCAG	TGTGCGAGAGAGTATTACGATTATTTTAGGAGTGAGTTTTATAGCCACTACTTTGACTACTGG	CAREYYDYFRSEFYSHYFDYW	296=	296S11=	331S48=	F	T	IGH	63	0	24	1	296	1	320	297	307	1	11	332	379	1	48	463.0	1.0	1.6e-132	21.8	1.0	0.062	93.0	1.0	2.16e-23	GAGGTGCAGCTGGTGGAGTCTGGGGGA...GGCTTGGTCCAGCCTGGGGGGTCCCTGAGACTCTCCTGTGCAGCCTCT	ATGCACTGGGTCCGCCAGGCTCCAGGGAAGGGACTGGAATATGTTTCAGCT	TATTATGCAAACTCTGTGAAG...GGCAGATTCACCATCTCCAGAGACAATTCCAAGAACACGCTGTATCTTCAAATGGGCAGCCTGAGAGCTGAGGACATGGCTGTGTATTACTGT	TGGGGCCAAGGAACCCTGGTCACCGTCTCCTCAG	GGATTCACCTTC............AGTAGCTATGCT	ATTAGTAGTAAT......GGGGGTAGCACA	GCGAGAGAGTATTACGATTATTTTAGGAGTGAGTTTTATAGCCACTACTTTGACTAC
672	CAGGTGCAGCTGGTGGAGTCTGGGGGAGGCGTGGTCCAGCCTGGGGGGTCCCTGAGACTCTCCTGTGCAGCGTCTGGATTCACCTTCAGTAGCTATGGCATGCACTGGGTCCGCCAGGCTCCAGGCAAGGGGCTGGAGTGGGTGGCATTTATACGGTATGATGGAAGTAATAAATACTATGCAGACTCCGTGAAGGGCCGATTCACCATCTCCAGAGACAATTCCAAGAACACGCTGTATCTGCAAATGAACAGCCTGAGAGCTGAGGACACGGCTGTGTATTACTGTGCGAAAGAGTGGAATACAGTATGGTTAACCTACTGGTACTTCGATCTCTGGGGCCGTGGCACCCTGGTCACTGTCTCCTCAG	F	T	IGHV3-30*02,IGHV3-30-5*02	IGHD5-18*01,IGHD5-5*01	IGHJ2*01	CAGGTGCAGCTGGTGGAGTCTGGGGGA...GGCGTGGTCCAGCCTGGGGGGTCCCTGAGACTCTCCTGTGCAGCGTCTGGATTCACCTTC............AGTAGCTATGGCATGCACTGGGTCCGCCAGGCTCCAGGCAAGGGGCTGGAGTGGGTGGCATTTATACGGTATGAT......GGAAGTAATAAATACTATGCAGACTCCGTGAAG...GGCCGATTCACCATCTCCAGAGACAATTCCAAGAACACGCTGTATCTGCAAATGAACAGCCTGAGAGCTGAGGACACGGCTGTGTATTACTGTGCGAAAGAGTGGAATACAGTATGGTTAACCTACTGGTACTTCGATCTCTGGGGCCGTGGCACCCTGGTCACTGTCTCCTCAG	CAGGTGCAGCTGGTGGAGTCTGGGGGA...GGCGTGGTCCAGCCTGGGGGGTCCCTGAGACTCTCCTGTGCAGCGTCTGGATTCACCTTC............AGTAGCTATGGCATGCACTGGGTCCGCCAGGCTCCAGGCAAGGGGCTGGAGTGGGTGGCATTTATACGGTATGAT......GGAAGTAATAAATACTATGCAGACTCCGTGAAG...GGCCGATTCACCATCTCCAGAGACAATTCCAAGAACACGCTGTATCTGCAAATGAACAGCCTGAGAGCTGAGGACACGGCTGTGTATTACTGTGCGAAAGANNNNNNNNNNNTATGGTTANNCTACTGGTACTTCGATCTCTGGGGCCGTGGCACCCTGGTCACTGTCTCCTCAG	TGTGCGAAAGAGTGGAATACAGTATGGTTAACCTACTGGTACTTCGATCTCTGG	CAKEWNTVWLTYWYFDLW	296=	307S11N8=	317S53=	F	T	IGH	54	11	2	1	296	1	320	308	315	12	19	318	370	1	53	463.0	1.0	1.57e-132	16.1	1.0	3.3	102.0	1.0	2.69e-26	CAGGTGCAGCTGGTGGAGTCTGGGGGA...GGCGTGGTCCAGCCTGGGGGGTCCCTGAGACTCTCCTGTGCAGCGTCT	ATGCACTGGGTCCGCCAGGCTCCAGGCAAGGGGCTGGAGTGGGTGGCATTT	TACTATGCAGACTCCGTGAAG...GGCCGATTCACCATCTCCAGAGACAATTCCAAGAACACGCTGTATCTGCAAATGAACAGCCTGAGAGCTGAGGACACGGCTGTGTATTACTGT	TGGGGCCGTGGCACCCTGGTCACTGTCTCCTCAG	GGATTCACCTTC............AGTAGCTATGGC	ATACGGTATGAT......GGAAGTAATAAA	GCGAAAGAGTGGAATACAGTATGGTTAACCTACTGGTACTTCGATCTC
678	CAGGTGCAGCTGCAGGAGTCGGGCCCAGGACTGGTGAAGCCTTCGGAGACCCTGTCCCTCACCTGCGCTGTCTCTGGTTACTCCATCAGCAGTGGTTACTACTGGGGCTGGATCCGGCAGCCCCCAGGGAAGGGGCTGGAGTGGATTGGGAGTATCTATCATAGTGGGAGCACCTACTACAACCCGTCCCTCAAGAGTCGAGTCACCATATCAGTAGACACGTCCAAGAACCAGTTCTCCCTGAAGCTGAGCTCTGTGACCGCCGCAGACACGGCCGTGTATTACTGTGCTGAGAGTGGAATAGTGTCTACTGATTACGCTGAATACTTCCAGCACTGGGGCCAGGGCACCCTGGTCACCGTCTCCTCAG	F	T	IGHV4-38-2*01	IGHD5/OR15-5a*01,IGHD5/OR15-5b*01	IGHJ1*01	CAGGTGCAGCTGCAGGAGTCGGGCCCA...GGACTGGTGAAGCCTTCGGAGACCCTGTCCCTCACCTGCGCTGTCTCTGGTTACTCCATCAGC.........AGTGGTTACTACTGGGGCTGGATCCGGCAGCCCCCAGGGAAGGGGCTGGAGTGGATTGGGAGTATCTATCATAGT.........GGGAGCACCTACTACAACCCGTCCCTCAAG...AGTCGAGTCACCATATCAGTAGACACGTCCAAGAACCAGTTCTCCCTGAAGCTGAGCTCTGTGACCGCCGCAGACACGGCCGTGTATTACTGTGCTGAGAGTGGAATAGTGTCTACTGATTACGCTGAATACTTCCAGCACTGGGGCCAGGGCACCCTGGTCACCGTCTCCTCAG	CAGGTGCAGCTGCAGGAGTCGGGCCCA...GGACTGGTGAAGCCTTCGGAGACCCTGTCCCTCACCTGCGCTGTCTCTGGTTACTCCATCAGC.........AGTGGTTACTACTGGGGCTGGATCCGGCAGCCCCCAGGGAAGGGGCTGGAGTGGATTGGGAGTATCTATCATAGT.........GGGAGCACCTACTACAACCCGTCCCTCAAG...AGTCGAGTCACCATATCAGTAGACACGTCCAAGAACCAGTTCTCCCTGAAGCTGAGCTCTGTGACCGCCGCAGACACGGCCGTGTATTACTGTGCNNNNNNNNNNATAGTGTCTACNNNNNNNGCTGAATACTTCCAGCACTGGGGCCAGGGCACCCTGGTCACCGTCTCCTCAG	TGTGCTGAGAGTGGAATAGTGTCTACTGATTACGCTGAATACTTCCAGCACTGG	CAESGIVSTDYAEYFQHW	290=	300S6N11=	318S52=	F	T	IGH	54	10	7	1	290	1	314	301	311	7	17	319	370	1	52	453.0	1.0	1.03e-129	21.8	1.0	0.061	100.0	1.0	1.02e-25	CAGGTGCAGCTGCAGGAGTCGGGCCCA...GGACTGGTGAAGCCTTCGGAGACCCTGTCCCTCACCTGCGCTGTCTCT	TGGGGCTGGATCCGGCAGCCCCCAGGGAAGGGGCTGGAGTGGATTGGGAGT	TACTACAACCCGTCCCTCAAG...AGTCGAGTCACCATATCAGTAGACACGTCCAAGAACCAGTTCTCCCTGAAGCTGAGCTCTGTGACCGCCGCAGACACGGCCGTGTATTACTGT	TGGGGCCAGGGCACCCTGGTCACCGTCTCCTCAG	GGTTACTCCATCAGC.........AGTGGTTACTAC	ATCTATCATAGT.........GGGAGCACC	GCTGAGAGTGGAATAGTGTCTACTGATTACGCTGAATACTTCCAGCAC
694	CAGGTACAGCTGCAGCAGTCAGGTCCAGGACTGGTGAAGCCCTCGCAGACCCTCTCACTCACCTGTGCCATCTCCGGGGACAGTGTCTCTAGCAACAGTGCTGCTTGGAACTGGATCAGGCAGTCCCCATCGAGAGGCCTTGAGTGGCTGGGAAGGACATACTACAGGTCCAAGTGGTATAATGATTATGCAGTATCTGTGAAAAGTCGAATAACCATCAACCCAGACACATCCAAGAACCAGTTCTCCCTGCAGCTGAACTCTGTGACTCCCGAGGACACGGCTGTGTATTACTGTGCAAGAGAAGGATATTGTAGGGTGGTGAGCTGCTACTCATTACTATACTACTACGGTATGGACGTCTGGGGGCAAGGGACCACGGTCACCGTCTCCTCAG	F	T	IGHV6-1*01	IGHD2-15*01	IGHJ6*01	CAGGTACAGCTGCAGCAGTCAGGTCCA...GGACTGGTGAAGCCCTCGCAGACCCTCTCACTCACCTGTGCCATCTCCGGGGACAGTGTCTCT......AGCAACAGTGCTGCTTGGAACTGGATCAGGCAGTCCCCATCGAGAGGCCTTGAGTGGCTGGGAAGGACATACTACAGGTCC...AAGTGGTATAATGATTATGCAGTATCTGTGAAA...AGTCGAATAACCATCAACCCAGACACATCCAAGAACCAGTTCTCCCTGCAGCTGAACTCTGTGACTCCCGAGGACACGGCTGTGTATTACTGTGCAAGAGAAGGATATTGTAGGGTGGTGAGCTGCTACTCATTACTATACTACTACGGTATGGACGTCTGGGGGCAAGGGACCACGGTCACCGTCTCCTCAG	CAGGTACAGCTGCAGCAGTCAGGTCCA...GGACTGGTGAAGCCCTCGCAGACCCTCTCACTCACCTGTGCCATCTCCGGGGACAGTGTCTCT......AGCAACAGTGCTGCTTGGAACTGGATCAGGCAGTCCCCATCGAGAGGCCTTGAGTGGCTGGGAAGGACATACTACAGGTCC...AAGTGGTATAATGATTATGCAGTATCTGTGAAA...AGTCGAATAACCATCAACCCAGACACATCCAAGAACCAGTTCTCCCTGCAGCTGAACTCTGTGACTCCCGAGGACACGGCTGTGTATTACTGTGCAAGAGAAGGATATTGTAGTGGTGGTAGCTGCTACTCNNNNNNNTACTACTACGGTATGGACGTCTGGGGGCAAGGGACCACGGTCACCGTCTCCTCAG	TGTGCAAGAGAAGGATATTGTAGGGTGGTGAGCTGCTACTCATTACTATACTACTACGGTATGGACGTCTGG	CAREGYCRVVSCYSLLYYYGMDVW	305=	305S12=1X1=2X1=2X11=	342S8N55=	F	T	IGH	72	0	7	1	305	1	320	306	335	1	30	343	397	9	63	477.0	1.0	1.01e-136	29.5	0.83333	0.000315	106.0	1.0	2.01e-27	CAGGTACAGCTGCAGCAGTCAGGTCCA...GGACTGGTGAAGCCCTCGCAGACCCTCTCACTCACCTGTGCCATCTCC	TGGAACTGGATCAGGCAGTCCCCATCGAGAGGCCTTGAGTGGCTGGGAAGG	GATTATGCAGTATCTGTGAAA...AGTCGAATAACCATCAACCCAGACACATCCAAGAACCAGTTCTCCCTGCAGCTGAACTCTGTGACTCCCGAGGACACGGCTGTGTATTACTGT	TGGGGGCAAGGGACCACGGTCACCGTCTCCTCAG	GGGGACAGTGTCTCT......AGCAACAGTGCTGCT	ACATACTACAGGTCC...AAGTGGTATAAT	GCAAGAGAAGGATATTGTAGGGTGGTGAGCTGCTACTCATTACTATACTACTACGGTATGGACGTC
699	GAAGTGCAGCTGGTGCAGTCTGGAGCAGAGGTGAAAAAGCCCGGGGAGTCTCTGAGGATCTCCTGTAAGGGTTCTGGATACAGCTTTACCAGCTACTGGATCAGCTGGGTGCGCCAGATGCCCGGGAAAGGCCTGGAGTGGATGGGGAGGATTGATCCTAGTGACTCTTATACCAACTACAGCCCGTCCTTCCAAGGCCACGTCACCATCTCAGCTGACAAGTCCATCAGCACTGCCTACCTGCAGTGGAGCAGCCTGAAGGCCTCGGACACCGCCATGTATTACTGTGCGAGAGGTATCAACCGGAACCACACTATCTTTGACTACTGGGGCCAAGGAACCCTGGTCACCGTCTCCTCAG	F	T	IGHV5-10-1*01	IGHD1-14*01	IGHJ4*01	GAAGTGCAGCTGGTGCAGTCTGGAGCA...GAGGTGAAAAAGCCCGGGGAGTCTCTGAGGATCTCCTGTAAGGGTTCTGGATACAGCTTT............ACCAGCTACTGGATCAGCTGGGTGCGCCAGATGCCCGGGAAAGGCCTGGAGTGGATGGGGAGGATTGATCCTAGT......GACTCTTATACCAACTACAGCCCGTCCTTCCAA...GGCCACGTCACCATCTCAGCTGACAAGTCCATCAGCACTGCCTACCTGCAGTGGAGCAGCCTGAAGGCCTCGGACACCGCCATGTATTACTGTGCGAGAGGTATCAACCGGAACCACACTATCTTTGACTACTGGGGCCAAGGAACCCTGGTCACCGTCTCCTCAG	GAAGTGCAGCTGGTGCAGTCTGGAGCA...GAGGTGAAAAAGCCCGGGGAGTCTCTGAGGATCTCCTGTAAGGGTTCTGGATACAGCTTT............ACCAGCTACTGGATCAGCTGGGTGCGCCAGATGCCCGGGAAAGGCCTGGAGTGGATGGGGAGGATTGATCCTAGT......GACTCTTATACCAACTACAGCCCGTCCTTCCAA...GGCCACGTCACCATCTCAGCTGACAAGTCCATCAGCACTGCCTACCTGCAGTGGAGCAGCCTGAAGGCCTCGGACACCGCCATGTATTACTGTGCGAGANNNNNNAACCGGAACCACNNNNNCTTTGACTACTGGGGCCAAGGAACCCTGGTCACCGTCTCCTCAG	TGTGCGAGAGGTATCAACCGGAACCACACTATCTTTGACTACTGG	CARGINRNHTIFDYW	294=	300S5N12=	317S4N44=	F	T	IGH	45	6	5	1	294	1	318	301	312	6	17	318	361	5	48	459.0	1.0	1.33e-131	23.8	1.0	0.016	85.3	1.0	4.25e-21	GAAGTGCAGCTGGTGCAGTCTGGAGCA...GAGGTGAAAAAGCCCGGGGAGTCTCTGAGGATCTCCTGTAAGGGTTCT	ATCAGCTGGGTGCGCCAGATGCCCGGGAAAGGCCTGGAGTGGATGGGGAGG	AACTACAGCCCGTCCTTCCAA...GGCCACGTCACCATCTCAGCTGACAAGTCCATCAGCACTGCCTACCTGCAGTGGAGCAGCCTGAAGGCCTCGGACACCGCCATGTATTACTGT	TGGGGCCAAGGAACCCTGGTCACCGTCTCCTCAG	GGATACAGCTTT............ACCAGCTACTGG	ATTGATCCTAGT......GACTCTTATACC	GCGAGAGGTATCAACCGGAACCACACTATCTTTGACTAC
711	GAGGTGCAGCTGGTGGAGTCTGGGGAAGGCTTGGTCCAGCCTGGGGGGTCCCTGAGACTCTCCTGTGCAGCCTCTGGATTCACCTTCAGTAGCTATGCTATGCACTGGGTCCGCCAGGCTCCAGGGAAGGGACTGGAATATGTTTCAGCTATTAGTAGTAATGGGGGTAGCACATATTATGCAGACTCTGTGAAGGGCAGATTCACCATCTCCAGAGACAATTCCAAGAACACGCTGTATCTTCAAATGGGCAGCCTGAGAGCTGAGGACATGGCTGTGTATTACTGTGCGAGAGATGACTACAGTAACCTACTTACTGACTACTACTACGGTATGGACGTCTGGGGGCAAGGGACCACGGTCACCGTCTCCTCAG	F	T	IGHV3-64*02	IGHD4-11*01,IGHD4-4*01	IGHJ6*01	GAGGTGCAGCTGGTGGAGTCTGGGGAA...GGCTTGGTCCAGCCTGGGGGGTCCCTGAGACTCTCCTGTGCAGCCTCTGGATTCACCTTC............AGTAGCTATGCTATGCACTGGGTCCGCCAGGCTCCAGGGAAGGGACTGGAATATGTTTCAGCTATTAGTAGTAAT......GGGGGTAGCACATATTATGCAGACTCTGTGAAG...GGCAGATTCACCATCTCCAGAGACAATTCCAAGAACACGCTGTATCTTCAAATGGGCAGCCTGAGAGCTGAGGACATGGCTGTGTATTACTGTGCGAGAGATGACTACAGTAACCTACTTACTGACTACTACTACGGTATGGACGTCTGGGGGCAAGGGACCACGGTCACCGTCTCCTCAG	GAGGTGCAGCTGGTGGAGTCTGGGGAA...GGCTTGGTCCAGCCTGGGGGGTCCCTGAGACTCTCCTGTGCAGCCTCTGGATTCACCTTC............AGTAGCTATGCTATGCACTGGGTCCGCCAGGCTCCAGGGAAGGGACTGGAATATGTTTCAGCTATTAGTAGTAAT......GGGGGTAGCACATATTATGCAGACTCTGTGAAG...GGCAGATTCACCATCTCCAGAGACAATTCCAAGAACACGCTGTATCTTCAAATGGGCAGCCTGAGAGCTGAGGACATGGCTGTGTATTACTGTGCGAGAGATGACTACAGTAACNNNNNNNNNNACTACTACTACGGTATGGACGTCTGGGGGCAAGGGACCACGGTCACCGTCTCCTCAG	TGTGCGAGAGATGACTACAGTAACCTACTTACTGACTACTACTACGGTATGGACGTCTGG	CARDDYSNLLTDYYYGMDVW	296=	296S13=	319S6N57=	F	T	IGH	60	0	10	1	296	1	320	297	309	1	13	320	376	7	63	463.0	1.0	1.59e-132	25.7	1.0	0.004	110.0	1.0	1.33e-28	GAGGTGCAGCTGGTGGAGTCTGGGGAA...GGCTTGGTCCAGCCTGGGGGGTCCCTGAGACTCTCCTGTGCAGCCTCT	ATGCACTGGGTCCGCCAGGCTCCAGGGAAGGGACTGGAATATGTTTCAGCT	TATTATGCAGACTCTGTGAAG...GGCAGATTCACCATCTCCAGAGACAATTCCAAGAACACGCTGTATCTTCAAATGGGCAGCCTGAGAGCTGAGGACATGGCTGTGTATTACTGT	TGGGGGCAAGGGACCACGGTCACCGTCTCCTCAG	GGATTCACCTTC............AGTAGCTATGCT	ATTAGTAGTAAT......GGGGGTAGCACA	GCGAGAGATGACTACAGTAACCTACTTACTGACTACTACTACGGTATGGACGTC
760	GAGGTGCAGCTGGTGGAGTCTGGGGGAGGCTTAGTACAGCCTGGAGGGTCCCTGAGACTCTCCTGTGCAGCCTCTGGATTCACCTTCAGTAGCTACTGGATGCACTGGGTCCGCCAAGCTCCAGGGAAGGGGCTGGTGTGGGTCTCACGTATTAATAGTGATGGGAGTAGCACAAGCTACGCAGACTCCATGAAGGGCCAATTCACCATCTCCAGAGACAATGCTAAGAACACGCTGTATCTGCAAATGAACAGTCTGAGAGCTGAGGACATGGCTGTGTATTACTGTACTAGAGGGTATAACTGCGATAGCTACATTTACTACTACTACTACGGTATGGACGTCTGGGGGCAAGGGACCACGGTCACCGTCTCCTCAG	F	T	IGHV3/OR16-13*01	IGHD1-20*01,IGHD1-7*01,IGHD1/OR15-1a*01	IGHJ6*01	GAGGTGCAGCTGGTGGAGTCTGGGGGA...GGCTTAGTACAGCCTGGAGGGTCCCTGAGACTCTCCTGTGCAGCCTCTGGATTCACCTTC............AGTAGCTACTGGATGCACTGGGTCCGCCAAGCTCCAGGGAAGGGGCTGGTGTGGGTCTCACGTATTAATAGTGAT......GGGAGTAGCACAAGCTACGCAGACTCCATGAAG...GGCCAATTCACCATCTCCAGAGACAATGCTAAGAACACGCTGTATCTGCAAATGAACAGTCTGAGAGCTGAGGACATGGCTGTGTATTACTGTACTAGAGGGTATAACTGCGATAGCTACATTTACTACTACTACTACGGTATGGACGTCTGGGGGCAAGGGACCACGGTCACCGTCTCCTCAG	GAGGTGCAGCTGGTGGAGTCTGGGGGA...GGCTTAGTACAGCCTGGAGGGTCCCTGAGACTCTCCTGTGCAGCCTCTGGATTCACCTTC............AGTAGCTACTGGATGCACTGGGTCCGCCAAGCTCCAGGGAAGGGGCTGGTGTGGGTCTCACGTATTAATAGTGAT......GGGAGTAGCACAAGCTACGCAGACTCCATGAAG...GGCCAATTCACCATCTCCAGAGACAATGCTAAGAACACGCTGTATCTGCAAATGAACAGTCTGAGAGCTGAGGACATGGCTGTGTATTACTGTACTAGAGGGTATAACTGNNNNNNNNNNNNTTACTACTACTACTACGGTATGGACGTCTGGGGGCAAGGGACCACGGTCACCGTCTCCTCAG	TGTACTAGAGGGTATAACTGCGATAGCTACATTTACTACTACTACTACGGTATGGACGTCTGG	CTRGYNCDSYIYYYYYGMDVW	295=	295S10=	317S1N62=	F	T	IGH	63	0	12	1	295	1	319	296	305	1	10	318	379	2	63	461.0	1.0	4.72e-132	19.9	1.0	0.24	119.0	1.0	1.71e-31	GAGGTGCAGCTGGTGGAGTCTGGGGGA...GGCTTAGTACAGCCTGGAGGGTCCCTGAGACTCTCCTGTGCAGCCTCT	ATGCACTGGGTCCGCCAAGCTCCAGGGAAGGGGCTGGTGTGGGTCTCACGT	AGCTACGCAGACTCCATGAAG...GGCCAATTCACCATCTCCAGAGACAATGCTAAGAACACGCTGTATCTGCAAATGAACAGTCTGAGAGCTGAGGACATGGCTGTGTATTACTGT	TGGGGGCAAGGGACCACGGTCACCGTCTCCTCAG	GGATTCACCTTC............AGTAGCTACTGG	ATTAATAGTGAT......GGGAGTAGCACA	ACTAGAGGGTATAACTGCGATAGCTACATTTACTACTACTACTACGGTATGGACGTC
796	GAGGTGCAGCTGGTGGAGTCTGGGGGAGGCCTGGTCAAGCCTGGGGGGTCCCTGAGACTCTCCTGTGCAGCCTCTGGATTCACCTTCAGTAGCTATAGCATGAACTGGGTCCGCCAGGCTCCAGGGAAGGGGCTGGAGTGGGTCTCATCCATTAGTAGTAGTAGTAGTTACATATACTACGCAGACTCAGTGAAGGGCCGATTCACCATCTCCAGAGACAACGCCAAGAACTCACTGTATCTGCAAATGAACAGCCTGAGAGCCGAGGACACGGCTGTGTATTACTGTGCGAGAGAGGTGATATATGTCTACGATTACATTACTTACTACTACTACGGTATGGACGTCTGGGGGCAAGGGACCACGGTCACCGTCTCCTCAG	F	T	IGHV3-21*01	IGHD5/OR15-5a*01,IGHD5/OR15-5b*01	IGHJ6*01	GAGGTGCAGCTGGTGGAGTCTGGGGGA...GGCCTGGTCAAGCCTGGGGGGTCCCTGAGACTCTCCTGTGCAGCCTCTGGATTCACCTTC............AGTAGCTATAGCATGAACTGGGTCCGCCAGGCTCCAGGGAAGGGGCTGGAGTGGGTCTCATCCATTAGTAGTAGT......AGTAGTTACATATACTACGCAGACTCAGTGAAG...GGCCGATTCACCATCTCCAGAGACAACGCCAAGAACTCACTGTATCTGCAAATGAACAGCCTGAGAGCCGAGGACACGGCTGTGTATTACTGTGCGAGAGAGGTGATATATGTCTACGATTACATTACTTACTACTACTACGGTATGGACGTCTGGGGGCAAGGGACCACGGTCACCGTCTCCTCAG	GAGGTGCAGCTGGTGGAGTCTGGGGGA...GGCCTGGTCAAGCCTGGGGGGTCCCTGAGACTCTCCTGTGCAGCCTCTGGATTCACCTTC............AGTAGCTATAGCATGAACTGGGTCCGCCAGGCTCCAGGGAAGGGGCTGGAGTGGGTCTCATCCATTAGTAGTAGT......AGTAGTTACATATACTACGCAGACTCAGTGAAG...GGCCGATTCACCATCTCCAGAGACAACGCCAAGAACTCACTGTATCTGCAAATGAACAGCCTGAGAGCCGAGGACACGGCTGTGTATTACTGTGCGAGAGANNNNNNNNNTGTCTACGATTACNNNNNNTACTACTACTACGGTATGGACGTCTGGGGGCAAGGGACCACGGTCACCGTCTCCTCAG	TGTGCGAGAGAGGTGATATATGTCTACGATTACATTACTTACTACTACTACGGTATGGACGTCTGG	CAREVIYVYDYITYYYYGMDVW	296=	305S10N13=	324S5N58=	F	T	IGH	66	9	6	1	296	1	320	306	318	11	23	325	382	6	63	463.0	1.0	1.62e-132	25.7	1.0	0.004	112.0	1.0	3.55e-29	GAGGTGCAGCTGGTGGAGTCTGGGGGA...GGCCTGGTCAAGCCTGGGGGGTCCCTGAGACTCTCCTGTGCAGCCTCT	ATGAACTGGGTCCGCCAGGCTCCAGGGAAGGGGCTGGAGTGGGTCTCATCC	TACTACGCAGACTCAGTGAAG...GGCCGATTCACCATCTCCAGAGACAACGCCAAGAACTCACTGTATCTGCAAATGAACAGCCTGAGAGCCGAGGACACGGCTGTGTATTACTGT	TGGGGGCAAGGGACCACGGTCACCGTCTCCTCAG	GGATTCACCTTC............AGTAGCTATAGC	ATTAGTAGTAGT......AGTAGTTACATA	GCGAGAGAGGTGATATATGTCTACGATTACATTACTTACTACTACTACGGTATGGACGTC
881	CAGGTGCAGCTGCAGGAGTCGGGCCCAGGACTGGTGAAGCCTTCACAGACCCTGTCCCTCACCTGCACTGTCTCTGGTGGCTCCATCAGCAGTGGTGGTTACTACTGGAGCTGGATCCGCCAGCACCCAGGGAAGGGCCTGGAGTGGATTGGGTACATCTATTACAGTGGGAGCACCTACTACAACCCGTCCCTCAAGAGTCTAGTTACCATATCAGTAGACACGTCTAAGAACCAGTTCTCCCTGAAGCTGAGCTCTGTGACTGCCGCGGACACGGCCGTGTATTACTGTGAGAGAGGTATAACTGGAACAACCAACTGGTTCGACTCCTGGGGCCAAGGAACCCTGGTCACCGTCTCCTCAG	F	T	IGHV4-31*01	IGHD1/OR15-1a*01,IGHD1/OR15-1b*01	IGHJ5*01	CAGGTGCAGCTGCAGGAGTCGGGCCCA...GGACTGGTGAAGCCTTCACAGACCCTGTCCCTCACCTGCACTGTCTCTGGTGGCTCCATCAGC......AGTGGTGGTTACTACTGGAGCTGGATCCGCCAGCACCCAGGGAAGGGCCTGGAGTGGATTGGGTACATCTATTACAGT.........GGGAGCACCTACTACAACCCGTCCCTCAAG...AGTCTAGTTACCATATCAGTAGACACGTCTAAGAACCAGTTCTCCCTGAAGCTGAGCTCTGTGACTGCCGCGGACACGGCCGTGTATTACTGTGAGAGAGGTATAACTGGAACAACCAACTGGTTCGACTCCTGGGGCCAAGGAACCCTGGTCACCGTCTCCTCAG	CAGGTGCAGCTGCAGGAGTCGGGCCCA...GGACTGGTGAAGCCTTCACAGACCCTGTCCCTCACCTGCACTGTCTCTGGTGGCTCCATCAGC......AGTGGTGGTTACTACTGGAGCTGGATCCGCCAGCACCCAGGGAAGGGCCTGGAGTGGATTGGGTACATCTATTACAGT.........GGGAGCACCTACTACAACCCGTCCCTCAAG...AGTCTAGTTACCATATCAGTAGACACGTCTAAGAACCAGTTCTCCCTGAAGCTGAGCTCTGTGACTGCCGCGGACACGGCCGTGTATTACTGTGCGAGAGGTATAACTGGAACAACCAACTGGTTCGACTCCTGGGGCCAAGGAACCCTGGTCACCGTCTCCTCAG	TGTGAGAGAGGTATAACTGGAACAACCAACTGGTTCGACTCCTGG	CERGITGTTNWFDSW	292=1X5=	298S1N16=	314S1N50=	F	T	IGH	45	0	0	1	298	1	319	299	314	2	17	315	364	2	51	463.0	0.99664	1.55e-132	31.5	1.0	7.6e-05	96.8	1.0	1.44e-24	CAGGTGCAGCTGCAGGAGTCGGGCCCA...GGACTGGTGAAGCCTTCACAGACCCTGTCCCTCACCTGCACTGTCTCT	TGGAGCTGGATCCGCCAGCACCCAGGGAAGGGCCTGGAGTGGATTGGGTAC	TACTACAACCCGTCCCTCAAG...AGTCTAGTTACCATATCAGTAGACACGTCTAAGAACCAGTTCTCCCTGAAGCTGAGCTCTGTGACTGCCGCGGACACGGCCGTGTATTACTGT	TGGGGCCAAGGAACCCTGGTCACCGTCTCCTCAG	GGTGGCTCCATCAGC......AGTGGTGGTTACTAC	ATCTATTACAGT.........GGGAGCACC	GAGAGAGGTATAACTGGAACAACCAACTGGTTCGACTCC
885	GAGGTCCAGCTGGTACAGTCTGGGGCTGAGGTGAAGAAGCCTGGGGCTACAGTGAAAATCTCCTGCAAGGTTTCTGGATACACCTTCACCGACTACTACATGCACTGGGTGCAACAGGCCCCTGGAAAAGGGCTTGAGTGGATGGGACTTGTTGATCCTGAAGATGGTGAAACAATATACGCAGAGAAGTTCCAGGGCAGAGTCACCATAACCGCGGACACGTCTACAGACACAGCCTACATGGAGCTGAGCAGCCTGAGATCTGAGGACACGGCCGTGTATTACTGTGCAACAGGGGTAAGCAGCAGCTGGTACCTACTGGACTTCGATCTCTGGGGCCGTGGCACCCTGGTCACTGTCTCCTCAG	F	T	IGHV1-69-2*01	IGHD6-13*01	IGHJ2*01	GAGGTCCAGCTGGTACAGTCTGGGGCT...GAGGTGAAGAAGCCTGGGGCTACAGTGAAAATCTCCTGCAAGGTTTCTGGATACACCTTC............ACCGACTACTACATGCACTGGGTGCAACAGGCCCCTGGAAAAGGGCTTGAGTGGATGGGACTTGTTGATCCTGAA......GATGGTGAAACAATATACGCAGAGAAGTTCCAG...GGCAGAGTCACCATAACCGCGGACACGTCTACAGACACAGCCTACATGGAGCTGAGCAGCCTGAGATCTGAGGACACGGCCGTGTATTACTGTGCAACAGGGGTAAGCAGCAGCTGGTACCTACTGGACTTCGATCTCTGGGGCCGTGGCACCCTGGTCACTGTCTCCTCAG	GAGGTCCAGCTGGTACAGTCTGGGGCT...GAGGTGAAGAAGCCTGGGGCTACAGTGAAAATCTCCTGCAAGGTTTCTGGATACACCTTC............ACCGACTACTACATGCACTGGGTGCAACAGGCCCCTGGAAAAGGGCTTGAGTGGATGGGACTTGTTGATCCTGAA......GATGGTGAAACAATATACGCAGAGAAGTTCCAG...GGCAGAGTCACCATAACCGCGGACACGTCTACAGACACAGCCTACATGGAGCTGAGCAGCCTGAGATCTGAGGACACGGCCGTGTATTACTGTGCAACAGNNNNNAGCAGCAGCTGGTACNNNNNNNACTTCGATCTCTGGGGCCGTGGCACCCTGGTCACTGTCTCCTCAG	TGTGCAACAGGGGTAAGCAGCAGCTGGTACCTACTGGACTTCGATCTCTGG	CATGVSSSWYLLDFDLW	295=	300S6N15=	322S8N45=	F	T	IGH	51	5	7	1	295	1	319	301	315	7	21	323	367	9	53	461.0	1.0	4.59e-132	29.5	1.0	0.000291	87.2	1.0	1.14e-21	GAGGTCCAGCTGGTACAGTCTGGGGCT...GAGGTGAAGAAGCCTGGGGCTACAGTGAAAATCTCCTGCAAGGTTTCT	ATGCACTGGGTGCAACAGGCCCCTGGAAAAGGGCTTGAGTGGATGGGACTT	ATATACGCAGAGAAGTTCCAG...GGCAGAGTCACCATAACCGCGGACACGTCTACAGACACAGCCTACATGGAGCTGAGCAGCCTGAGATCTGAGGACACGGCCGTGTATTACTGT	TGGGGCCGTGGCACCCTGGTCACTGTCTCCTCAG	GGATACACCTTC............ACCGACTACTAC	GTTGATCCTGAA......GATGGTGAAACA	GCAACAGGGGTAAGCAGCAGCTGGTACCTACTGGACTTCGATCTC
906	GAGGATCAGCTGGTGGAGTCTGGGGGAGGCTTGGTACAGCCTGGGGGGTCCCTGAGACCCTCCTGTGCAGCCTCTGGATTCGCCTTCAGTAGCTATGTTCTGCACTGGGTTCGCCGGGCTCCAGGGAAGGGTCCGGAGTGGGTATCAGCTATTGGTACTGGTGGTGATACATACTATGCAGACTCCGTGATGGGCCGATTCACCATCTCCAGAGACAACGCCAAGAAGTCCTTGTATCTTCAAATGAACAGCCTGATAGCTGAGGACATGGCTGTGTATTATTGTGCAAGAGAAGGATATTGTTGTGGTGGTAGCTGCTACTCCATTACCTACTACGTCTACGGTATGGACGTCTGGGGGCAAGGGACCACGGTCACCGTCTCCTCAG	F	T	IGHV3-47*02	IGHD2-15*01	IGHJ6*01	GAGGATCAGCTGGTGGAGTCTGGGGGA...GGCTTGGTACAGCCTGGGGGGTCCCTGAGACCCTCCTGTGCAGCCTCTGGATTCGCCTTC............AGTAGCTATGTTCTGCACTGGGTTCGCCGGGCTCCAGGGAAGGGTCCGGAGTGGGTATCAGCTATTGGTACTGGT.........GGTGATACATACTATGCAGACTCCGTGATG...GGCCGATTCACCATCTCCAGAGACAACGCCAAGAAGTCCTTGTATCTTCAAATGAACAGCCTGATAGCTGAGGACATGGCTGTGTATTATTGTGCAAGAGAAGGATATTGTTGTGGTGGTAGCTGCTACTCCATTACCTACTACGTCTACGGTATGGACGTCTGGGGGCAAGGGACCACGGTCACCGTCTCCTCAG	GAGGATCAGCTGGTGGAGTCTGGGGGA...GGCTTGGTACAGCCTGGGGGGTCCCTGAGACCCTCCTGTGCAGCCTCTGGATTCGCCTTC............AGTAGCTATGTTCTGCACTGGGTTCGCCGGGCTCCAGGGAAGGGTCCGGAGTGGGTATCAGCTATTGGTACTGGT.........GGTGATACATACTATGCAGACTCCGTGATG...GGCCGATTCACCATCTCCAGAGACAACGCCAAGAAGTCCTTGTATCTTCAAATGAACAGCCTGATAGCTGAGGACATGGCTGTGTATTATTGTGCAAGAGAAGGATATTGTAGTGGTGGTAGCTGCTACTCCNNNNNCTACTACTACTACGGTATGGACGTCTGGGGGCAAGGGACCACGGTCACCGTCTCCTCAG	TGTGCAAGAGAAGGATATTGTTGTGGTGGTAGCTGCTACTCCATTACCTACTACGTCTACGGTATGGACGTCTGG	CAREGYCCGGSCYSITYYVYGMDVW	293=	293S10=1X20=	329S4N7=2X50=	F	T	IGH	75	0	5	1	293	1	320	294	324	1	31	330	388	5	63	458.0	1.0	4.2e-131	54.5	0.96774	9.2e-12	102.0	0.9661	2.83e-26	GAGGATCAGCTGGTGGAGTCTGGGGGA...GGCTTGGTACAGCCTGGGGGGTCCCTGAGACCCTCCTGTGCAGCCTCT	CTGCACTGGGTTCGCCGGGCTCCAGGGAAGGGTCCGGAGTGGGTATCAGCT	TACTATGCAGACTCCGTGATG...GGCCGATTCACCATCTCCAGAGACAACGCCAAGAAGTCCTTGTATCTTCAAATGAACAGCCTGATAGCTGAGGACATGGCTGTGTATTATTGT	TGGGGGCAAGGGACCACGGTCACCGTCTCCTCAG	GGATTCGCCTTC............AGTAGCTATGTT	ATTGGTACTGGT.........GGTGATACA	GCAAGAGAAGGATATTGTTGTGGTGGTAGCTGCTACTCCATTACCTACTACGTCTACGGTATGGACGTC
982	GAGGTGCAGCTGGTGGAGTCTGGGGGAGGCCTGGTCAAGCCTGGGGGGTCCCTGAGACTCTCCTGTGCAGCCTCTGGATTCACCTTCAGTAGCTATAGCATGAACTGGGTCCGCCAGGCTCCAGGGAAGGGGCTGGAGTGGGTCTCATCCATTAGTAGTAGTAGTAGTTACATATACTACGCAGACTCAGTGAAGGGCCGATTCACCATCTCCAGAGACAACGCCAAGAACTCACTGTATCTGCAAATGAACAGCCTGAGAGCCGAGGACACGGCTGTGTATTACTGTGCGAGAGATGACCTATGGGTGCTATCTACCTACTGGTACTTCGATCTCTGGGGCCGTGGCACCCTGGTCACTGTCTCCTCAG	F	T	IGHV3-21*01	IGHD4/OR15-4a*01,IGHD4/OR15-4b*01	IGHJ2*01	GAGGTGCAGCTGGTGGAGTCTGGGGGA...GGCCTGGTCAAGCCTGGGGGGTCCCTGAGACTCTCCTGTGCAGCCTCTGGATTCACCTTC............AGTAGCTATAGCATGAACTGGGTCCGCCAGGCTCCAGGGAAGGGGCTGGAGTGGGTCTCATCCATTAGTAGTAGT......AGTAGTTACATATACTACGCAGACTCAGTGAAG...GGCCGATTCACCATCTCCAGAGACAACGCCAAGAACTCACTGTATCTGCAAATGAACAGCCTGAGAGCCGAGGACACGGCTGTGTATTACTGTGCGAGAGATGACCTATGGGTGCTATCTACCTACTGGTACTTCGATCTCTGGGGCCGTGGCACCCTGGTCACTGTCTCCTCAG	GAGGTGCAGCTGGTGGAGTCTGGGGGA...GGCCTGGTCAAGCCTGGGGGGTCCCTGAGACTCTCCTGTGCAGCCTCTGGATTCACCTTC............AGTAGCTATAGCATGAACTGGGTCCGCCAGGCTCCAGGGAAGGGGCTGGAGTGGGTCTCATCCATTAGTAGTAGT......AGTAGTTACATATACTACGCAGACTCAGTGAAG...GGCCGATTCACCATCTCCAGAGACAACGCCAAGAACTCACTGTATCTGCAAATGAACAGCCTGAGAGCCGAGGACACGGCTGTGTATTACTGTGCGAGAGANNNNNNNNNGGTGCTAACTACCTACTGGTACTTCGATCTCTGGGGCCGTGGCACCCTGGTCACTGTCTCCTCAG	TGTGCGAGAGATGACCTATGGGTGCTATCTACCTACTGGTACTTCGATCTCTGG	CARDDLWVLSTYWYFDLW	296=	305S7N7=1X4=	317S53=	F	T	IGH	54	9	0	1	296	1	320	306	317	8	19	318	370	1	53	463.0	1.0	1.57e-132	18.0	0.91667	0.87	102.0	1.0	2.69e-26	GAGGTGCAGCTGGTGGAGTCTGGGGGA...GGCCTGGTCAAGCCTGGGGGGTCCCTGAGACTCTCCTGTGCAGCCTCT	ATGAACTGGGTCCGCCAGGCTCCAGGGAAGGGGCTGGAGTGGGTCTCATCC	TACTACGCAGACTCAGTGAAG...GGCCGATTCACCATCTCCAGAGACAACGCCAAGAACTCACTGTATCTGCAAATGAACAGCCTGAGAGCCGAGGACACGGCTGTGTATTACTGT	TGGGGCCGTGGCACCCTGGTCACTGTCTCCTCAG	GGATTCACCTTC............AGTAGCTATAGC	ATTAGTAGTAGT......AGTAGTTACATA	GCGAGAGATGACCTATGGGTGCTATCTACCTACTGGTACTTCGATCTC
991	CAGGTCACCTTGAGGGAGTCTGGTCCTGCGCTGGTGAAACCCACACAGACCCTCACACTGACCTGCACCTTCTCTGGGTTCTCACTCAGCACTAGTGGAATGTGTGTGAGCTGGATCCGTCAGCCCCCAGGGAAGGCCCTGGAGTGGCTTGCACTCATTGATTGGGATGATGATAAATACTACAGCACATCTCTGAAGACCAGGCTCACCATCTCCAAGGACACCTCCAAAAACCAGGTGGTCCTTACAATGACCAACATGGACCCTGTGGACACAGCCACGTATTACTGTGCACGGGATACTGACTACAGTCAAGCTACCTACTGGTACTTCGATCTCTGGGGCCGTGGCACCCTGGTCACTGTCTCCTCAG	F	T	IGHV2-70*01	IGHD4-11*01,IGHD4-4*01	IGHJ2*01	CAGGTCACCTTGAGGGAGTCTGGTCCT...GCGCTGGTGAAACCCACACAGACCCTCACACTGACCTGCACCTTCTCTGGGTTCTCACTCAGC......ACTAGTGGAATGTGTGTGAGCTGGATCCGTCAGCCCCCAGGGAAGGCCCTGGAGTGGCTTGCACTCATTGATTGGGAT.........GATGATAAATACTACAGCACATCTCTGAAG...ACCAGGCTCACCATCTCCAAGGACACCTCCAAAAACCAGGTGGTCCTTACAATGACCAACATGGACCCTGTGGACACAGCCACGTATTACTGTGCACGGGATACTGACTACAGTCAAGCTACCTACTGGTACTTCGATCTCTGGGGCCGTGGCACCCTGGTCACTGTCTCCTCAG	CAGGTCACCTTGAGGGAGTCTGGTCCT...GCGCTGGTGAAACCCACACAGACCCTCACACTGACCTGCACCTTCTCTGGGTTCTCACTCAGC......ACTAGTGGAATGTGTGTGAGCTGGATCCGTCAGCCCCCAGGGAAGGCCCTGGAGTGGCTTGCACTCATTGATTGGGAT.........GATGATAAATACTACAGCACATCTCTGAAG...ACCAGGCTCACCATCTCCAAGGACACCTCCAAAAACCAGGTGGTCCTTACAATGACCAACATGGACCCTGTGGACACAGCCACGTATTACTGTGCACGGNNNNNTGACTACAGTNNNNNNNNCTACTGGTACTTCGATCTCTGGGGCCGTGGCACCCTGGTCACTGTCTCCTCAG	TGTGCACGGGATACTGACTACAGTCAAGCTACCTACTGGTACTTCGATCTCTGG	CARDTDYSQATYWYFDLW	297=	302S10=	320S53=	F	T	IGH	54	5	8	1	297	1	318	303	312	1	10	321	373	1	53	464.0	1.0	5.39e-133	19.9	1.0	0.23	102.0	1.0	2.72e-26	CAGGTCACCTTGAGGGAGTCTGGTCCT...GCGCTGGTGAAACCCACACAGACCCTCACACTGACCTGCACCTTCTCT	GTGAGCTGGATCCGTCAGCCCCCAGGGAAGGCCCTGGAGTGGCTTGCACTC	TACTACAGCACATCTCTGAAG...ACCAGGCTCACCATCTCCAAGGACACCTCCAAAAACCAGGTGGTCCTTACAATGACCAACATGGACCCTGTGGACACAGCCACGTATTACTGT	TGGGGCCGTGGCACCCTGGTCACTGTCTCCTCAG	GGGTTCTCACTCAGC......ACTAGTGGAATGTGT	ATTGATTGGGAT.........GATGATAAA	GCACGGGATACTGACTACAGTCAAGCTACCTACTGGTACTTCGATCTC
1000	CAGGTGCAGCTGCAGGAGTCGGGCCCAGGACTGGTGAAGCCTCCGGGGACCCTGTCCCTCACCTGCGCTGTCTCTGGTGGCTCCATCAGCAGTAGTAACTGGTGGAGTTGGGTCCGCCAGCCCCCAGGGAAGGGGCTGGAGTGGATTGGGGAAATCTATCATAGTGGGAGCACCAACTACAACCCGTCCCTCAAGAGTCGAGTCACCATATCAGTAGACAAGTCCAAGAACCAGTTCTCCCTGAAGCTGAGCTCTGTGACCGCCGCGGACACGGCCGTGTATTGCTGTGCGAGAGAGGATATTGTAGTAGTACCAGCTGCTAGCCACTACTTTGACTACTGGGGCCAAGGAACCCTGGTCACCGTCTCCTCAG	F	T	IGHV4-4*01	IGHD2-2*01,IGHD2-2*02,IGHD2-2*03	IGHJ4*01	CAGGTGCAGCTGCAGGAGTCGGGCCCA...GGACTGGTGAAGCCTCCGGGGACCCTGTCCCTCACCTGCGCTGTCTCTGGTGGCTCCATCAGC.........AGTAGTAACTGGTGGAGTTGGGTCCGCCAGCCCCCAGGGAAGGGGCTGGAGTGGATTGGGGAAATCTATCATAGT.........GGGAGCACCAACTACAACCCGTCCCTCAAG...AGTCGAGTCACCATATCAGTAGACAAGTCCAAGAACCAGTTCTCCCTGAAGCTGAGCTCTGTGACCGCCGCGGACACGGCCGTGTATTGCTGTGCGAGAGAGGATATTGTAGTAGTACCAGCTGCTAGCCACTACTTTGACTACTGGGGCCAAGGAACCCTGGTCACCGTCTCCTCAG	CAGGTGCAGCTGCAGGAGTCGGGCCCA...GGACTGGTGAAGCCTCCGGGGACCCTGTCCCTCACCTGCGCTGTCTCTGGTGGCTCCATCAGC.........AGTAGTAACTGGTGGAGTTGGGTCCGCCAGCCCCCAGGGAAGGGGCTGGAGTGGATTGGGGAAATCTATCATAGT.........GGGAGCACCAACTACAACCCGTCCCTCAAG...AGTCGAGTCACCATATCAGTAGACAAGTCCAAGAACCAGTTCTCCCTGAAGCTGAGCTCTGTGACCGCCGCGGACACGGCCGTGTATTGCTGTGCGAGAGAGGATATTGTAGTAGTACCAGCTGCTANNNACTACTTTGACTACTGGGGCCAAGGAACCCTGGTCACCGTCTCCTCAG	TGTGCGAGAGAGGATATTGTAGTAGTACCAGCTGCTAGCCACTACTTTGACTACTGG	CAREDIVVVPAASHYFDYW	296=	296S1N26=	325S48=	F	T	IGH	57	0	3	1	296	1	320	297	322	2	27	326	373	1	48	463.0	1.0	1.59e-132	50.7	1.0	1.27e-10	93.0	1.0	2.13e-23	CAGGTGCAGCTGCAGGAGTCGGGCCCA...GGACTGGTGAAGCCTCCGGGGACCCTGTCCCTCACCTGCGCTGTCTCT	TGGAGTTGGGTCCGCCAGCCCCCAGGGAAGGGGCTGGAGTGGATTGGGGAA	AACTACAACCCGTCCCTCAAG...AGTCGAGTCACCATATCAGTAGACAAGTCCAAGAACCAGTTCTCCCTGAAGCTGAGCTCTGTGACCGCCGCGGACACGGCCGTGTATTGCTGT	TGGGGCCAAGGAACCCTGGTCACCGTCTCCTCAG	GGTGGCTCCATCAGC.........AGTAGTAACTGG	ATCTATCATAGT.........GGGAGCACC	GCGAGAGAGGATATTGTAGTAGTACCAGCTGCTAGCCACTACTTTGACTAC
